Name (Long),Surname,Name,Party,Twitter Handle,Result 1,Result 2,Result 3,Result 4,Result 5,Result 6,Result 7
Βιλιάρδος Διονυσίου Βασίλειος,Βιλιάρδος,Βιλιάρδος Βασίλειος,ΕΛΛΗΝΙΚΗ ΛΥΣΗ,174226430,174226430,0,0,0,0,0,0
Αλεξοπούλου Κωνσταντίνου Αναστασία - Αικατερίνη,Αλεξοπούλου,Αλεξοπούλου Αικατερίνη,ΕΛΛΗΝΙΚΗ ΛΥΣΗ,1168241295149740038,93629265,0,0,0,0,0,0
Αθανασίου Ευαγγέλου Μαρία,Αθανασίου,Αθανασίου Μαρία,ΕΛΛΗΝΙΚΗ ΛΥΣΗ,1153988844498444288,0,2840171877,0,0,0,1088970967,0
Βαγενάς Κωνσταντίνου Δημήτριος,Βαγενάς,Βαγενάς Δημήτριος,ΕΛΛΗΝΙΚΗ ΛΥΣΗ,1302266183790604290,0,1302266183790604288,0,0,0,0,0
Ασημακοπούλου Δημητρίου Σοφία - Χάιδω,Ασημακοπούλου,Ασημακοπούλου Χάιδω,ΕΛΛΗΝΙΚΗ ΛΥΣΗ,1148229718627540992,533041104,0,0,0,0,0,0
Μυλωνάκης Αντωνίου Αντώνιος,Μυλωνάκης,Μυλωνάκης Αντώνιος,ΕΛΛΗΝΙΚΗ ΛΥΣΗ,501969331,501969331,107473222,0,0,0,0,0
Αβδελάς Κωνσταντίνου Απόστολος,Αβδελάς,Αβδελάς Απόστολος,ΕΛΛΗΝΙΚΗ ΛΥΣΗ,1254725873456078855,1254725873456078848,1210888480185704448,0,0,0,0,0
Χητάς Αχιλλέως Κωνσταντίνος,Χητάς,Χητάς Κωνσταντίνος,ΕΛΛΗΝΙΚΗ ΛΥΣΗ,366594800,0,366594800,0,0,0,0,0
Βελόπουλος Ιωσήφ Κυριάκος,Βελόπουλος,Βελόπουλος Κυριάκος,ΕΛΛΗΝΙΚΗ ΛΥΣΗ,579067205,579067205,761825909242462208,0,0,0,0,0
Μπούμπας Ιωάννη Κωνσταντίνος,Μπούμπας,Μπούμπας Κωνσταντίνος,ΕΛΛΗΝΙΚΗ ΛΥΣΗ,1165984732045369344,1165984732045369344,0,0,0,0,0,0
Αρβανιτίδης Πέτρου Γεώργιος,Αρβανιτίδης,Αρβανιτίδης Γεώργιος,ΚΙΝΑΛ,269667949,0,0,0,0,0,0,0
Αχμέτ Σαμπρή Ιλχάν,Αχμέτ,Αχμέτ Ιλχάν,ΚΙΝΑΛ,102001522,0,0,0,0,0,0,0
Γεννηματά Γεωργίου Φωτεινή (Φώφη),Γεννηματά,Γεννηματά Φώφη,ΚΙΝΑΛ,71482406,71482406,0,0,0,0,0,0
Γιαννακοπούλου Ιωάννη Κωνσταντίνα (Νάντια),Γιαννακοπούλου,Γιαννακοπούλου Νάντια,ΚΙΝΑΛ,414090002,414090002,0,0,0,0,0,0
Γκόκας Ναπολέοντα Χρήστος,Γκόκας,Γκόκας Χρήστος,ΚΙΝΑΛ,0,0,0,0,0,0,0,0
Καμίνης Βασιλείου Γεώργιος,Καμίνης,Καμίνης Γεώργιος,ΚΙΝΑΛ,191033632,191033632,0,0,0,0,0,0
Καστανίδης Γεωργίου Χαράλαμπος,Καστανίδης,Καστανίδης Χαράλαμπος,ΚΙΝΑΛ,534632102,0,0,0,0,0,0,0
Κατρίνης Ιωάννη Μιχαήλ,Κατρίνης,Κατρίνης Μιχαήλ,ΚΙΝΑΛ,32475807,32475807,0,0,0,0,0,0
Κεγκέρογλου Αλεξάνδρου Βασίλειος,Κεγκέρογλου,Κεγκέρογλου Βασίλειος,ΚΙΝΑΛ,588106696,588106696,0,0,0,0,0,0
Κεφαλίδου Δημητρίου Χαρούλα (Χαρά),Κεφαλίδου,Κεφαλίδου Χαρά,ΚΙΝΑΛ,4126380982,0,0,0,0,0,0,0
Κωνσταντινόπουλος Κωνσταντίνου Οδυσσέας,Κωνσταντινόπουλος,Κωνσταντινόπουλος Οδυσσέας,ΚΙΝΑΛ,70713954,0,0,0,0,0,0,0
Κωνσταντόπουλος Χρήστου Δημήτριος,Κωνσταντόπουλος,Κωνσταντόπουλος Δημήτριος,ΚΙΝΑΛ,3308342351,3308342351,0,0,0,469232497,0,0
Λιακούλη Θεοφάνη Ευαγγελία,Λιακούλη,Λιακούλη Ευαγγελία,ΚΙΝΑΛ,1156878352759894016,0,0,0,0,0,0,0
Λοβέρδος Νικολάου Ανδρέας,Λοβέρδος,Λοβέρδος Ανδρέας,ΚΙΝΑΛ,225931853,2500320130,225931853,0,0,0,0,0
Μουλκιώτης Βασιλείου Γεώργιος,Μουλκιώτης,Μουλκιώτης Γεώργιος,ΚΙΝΑΛ,1191680252201852931,1191680252201852928,0,0,0,0,0,0
Μπαράν Νετζαντή Μπουρχάν,Μπαράν,Μπαράν Μπουρχάν,ΚΙΝΑΛ,1177124881688866816,0,0,0,0,0,0,0
Μπιάγκης Σπυρίδωνος Δημήτριος,Μπιάγκης,Μπιάγκης Δημήτριος,ΚΙΝΑΛ,1159407842350288896,1159407842350288896,0,0,0,0,0,0
Πανάς Νικολάου Απόστολος,Πανάς,Πανάς Απόστολος,ΚΙΝΑΛ,1259340614,0,1259340614,0,0,0,0,0
Παπανδρέου Ανδρέα Γεώργιος,Παπανδρέου,Παπανδρέου Γεώργιος,ΚΙΝΑΛ,7005602,7005602,0,0,0,2746638148,166219945,0
Πουλάς Θεοδοσίου Ανδρέας,Πουλάς,Πουλάς Ανδρέας,ΚΙΝΑΛ,347951559,347951559,0,0,0,0,0,0
Σκανδαλίδης Γεωργίου Κωνσταντίνος,Σκανδαλίδης,Σκανδαλίδης Κωνσταντίνος,ΚΙΝΑΛ,539098641,539098641,0,0,0,0,0,0
Φραγγίδης Σταύρου Γεώργιος,Φραγγίδης,Φραγγίδης Γεώργιος,ΚΙΝΑΛ,1248746286460919810,1248746286460919808,0,0,0,0,0,0
Γκιόκας Χρήστου Ιωάννης,Γκιόκας,Γκιόκας Ιωάννης,ΚΚΕ,0,0,0,0,0,972945661804122113,0,0
Δελής Ιωάννη Ιωάννης,Δελής,Δελής Ιωάννης,ΚΚΕ,0,0,0,0,0,0,0,0
Κανέλλη Χρήστου Γαρυφαλλιά (Λιάνα),Κανέλλη,Κανέλλη Λιάνα,ΚΚΕ,0,0,0,0,0,0,0,0
Καραθανασόπουλος Πέτρου Νικόλαος,Καραθανασόπουλος,Καραθανασόπουλος Νικόλαος,ΚΚΕ,0,0,0,0,0,0,0,0
Κατσώτης Περικλή Χρήστος,Κατσώτης,Κατσώτης Χρήστος,ΚΚΕ,0,0,0,0,0,0,0,0
Κομνηνάκα Αποστόλου Μαρία,Κομνηνάκα,Κομνηνάκα Μαρία,ΚΚΕ,0,0,0,0,0,0,0,0
Κουτσούμπας Αποστόλου Δημήτριος,Κουτσούμπας,Κουτσούμπας Δημήτριος,ΚΚΕ,0,414090002,0,0,0,0,0,0
Λαμπρούλης Αριστείδη Γεώργιος,Λαμπρούλης,Λαμπρούλης Γεώργιος,ΚΚΕ,0,0,0,0,0,0,0,0
Μανωλάκου Εμμανουήλ Διαμάντω,Μανωλάκου,Μανωλάκου Διαμάντω,ΚΚΕ,0,0,0,0,0,0,0,0
Μαρίνος Βασιλείου Γεώργιος,Μαρίνος,Μαρίνος Γεώργιος,ΚΚΕ,0,0,0,0,0,0,0,0
Παπαναστάσης Αθανασίου Νικόλαος,Παπαναστάσης,Παπαναστάσης Νικόλαος,ΚΚΕ,0,0,0,0,0,0,0,0
Παπαρήγα Νικολάου Αλεξάνδρα,Παπαρήγα,Παπαρήγα Αλεξάνδρα,ΚΚΕ,0,0,0,0,0,0,0,0
Παφίλης Σπυρίδωνος Αθανάσιος,Παφίλης,Παφίλης Αθανάσιος,ΚΚΕ,0,0,0,0,0,0,0,0
Στολτίδης Δημητρίου Λεωνίδας,Στολτίδης,Στολτίδης Λεωνίδας,ΚΚΕ,0,0,0,0,0,0,0,0
Συντυχάκης Δανιήλ Εμμανουήλ,Συντυχάκης,Συντυχάκης Εμμανουήλ,ΚΚΕ,0,0,0,0,0,0,0,0
Αδαμοπούλου Αθανασίου Αγγελική,Αδαμοπούλου,Αδαμοπούλου Αγγελική,ΜέΡΑ25,0,0,0,0,0,1086661281363439617,0,0
Αδάμου Στεργίου Κωνσταντίνα,Αδάμου,Αδάμου Κωνσταντίνα,ΜέΡΑ25,2458564941,0,0,0,0,0,0,0
Απατζίδη Κυρίλλου Μαρία,Απατζίδη,Απατζίδη Μαρία,ΜέΡΑ25,1219343130065014792,0,0,0,0,0,0,0
Βαρουφάκης Γεωργίου Ιωάννης (Γιάνης),Βαρουφάκης,Βαρουφάκης Γιάνης,ΜέΡΑ25,124690469,0,0,0,0,124690469,0,0
Λογιάδης Σοφοκλή - Εμμανουήλ Γεώργιος,Λογιάδης,Λογιάδης Γεώργιος,ΜέΡΑ25,1168885946361757705,1168885946361757696,0,0,0,0,0,0
Μπακαδήμα Αγαθοκλή Φωτεινή,Μπακαδήμα,Μπακαδήμα Φωτεινή,ΜέΡΑ25,350800867,350800867,0,0,0,0,0,0
Αρσένης Δημοκράτη Κρίτων - Ηλίας,Αρσένης,Αρσένης Ηλίας,ΜέΡΑ25,92969084,92969084,0,0,0,0,0,0
Γρηγοριάδης Γεωργίου Κλέων,Γρηγοριάδης,Γρηγοριάδης Κλέων,ΜέΡΑ25,0,0,0,0,0,0,0,0
Σακοράφα Ηλία Σοφία,Σακοράφα,Σακοράφα Σοφία,ΜέΡΑ25,533082734,533082734,0,0,0,0,0,0
Γεραπετρίτης Βασιλείου Γεώργιος,Γεραπετρίτης,Γεραπετρίτης Γεώργιος,ΝΔ,0,0,0,0,0,0,0,0
Γιαννάκου Παναγιώτη Μαριορή (Μαριέττα),Γιαννάκου,Γιαννάκου Μαριέττα,ΝΔ,886723075,886723075,0,0,0,0,0,0
Θεοδωρικάκος Δημητρίου Παναγιώτης (Τάκης),Θεοδωρικάκος,Θεοδωρικάκος Τάκης,ΝΔ,1149205366930071552,1149205366930071552,0,0,0,0,0,0
Πικραμμένος Όθωνος Παναγιώτης,Πικραμμένος,Πικραμμένος Παναγιώτης,ΝΔ,0,0,0,0,0,0,0,0
Ταραντίλης Δημητρίου Χρήστος,Ταραντίλης,Ταραντίλης Χρήστος,ΝΔ,0,0,0,0,0,0,0,0
Συρίγος Ματθαίου Ευάγγελος (Άγγελος),Συρίγος,Συρίγος Άγγελος,ΝΔ,422814594,0,422814594,0,0,422814594,422814594,0
Πιπιλή Ανδρέα Φωτεινή,Πιπιλή,Πιπιλή Φωτεινή,ΝΔ,481393090,481393090,0,0,0,0,0,0
Μπογδάνος Σπυρίδωνος Κωνσταντίνος,Μπογδάνος,Μπογδάνος Κωνσταντίνος,ΝΔ,53439175,0,0,0,0,0,0,0
Κακλαμάνης Μιχαήλ Νικήτας,Κακλαμάνης,Κακλαμάνης Νικήτας,ΝΔ,72838721,72838721,36914138,0,0,0,0,0
Κεφαλογιάννη Ιωάννη Όλγα,Κεφαλογιάννη,Κεφαλογιάννη Όλγα,ΝΔ,2365419054,2365419054,2441261875,0,0,2441261875,0,0
Κικίλιας Παναγιώτη Βασίλειος,Κικίλιας,Κικίλιας Βασίλειος,ΝΔ,54283324,54283324,0,0,0,0,0,0
Πλεύρης Κωνσταντίνου Αθανάσιος,Πλεύρης,Πλεύρης Αθανάσιος,ΝΔ,112445908,112445908,0,0,0,0,0,0
Ράπτη Γεωργίου Ζωή,Ράπτη,Ράπτη Ζωή,ΝΔ,2443992852,0,0,0,0,0,0,0
Ρουσόπουλος Βασιλείου Θεόδωρος,Ρουσόπουλος,Ρουσόπουλος Θεόδωρος,ΝΔ,1735479950,0,0,0,0,0,0,0
Κουμουτσάκος Σπυρίδωνος Γεώργιος,Κουμουτσάκος,Κουμουτσάκος Γεώργιος,ΝΔ,633098410,633098410,0,0,0,0,0,0
Κεραμέως Κωνσταντίνου Νίκη,Κεραμέως,Κεραμέως Νίκη,ΝΔ,435737814,435737814,0,0,0,0,0,0
Καιρίδης Κωνσταντίνου Δημήτριος,Καιρίδης,Καιρίδης Δημήτριος,ΝΔ,2608056638,2608056638,0,0,0,0,0,0
Γεωργιάδης Αθανασίου Σπυρίδων - Άδωνις,Γεωργιάδης,Γεωργιάδης Άδωνις,ΝΔ,70340615,70340615,0,0,0,70340615,5763142,0
Χατζηδάκης Ιωάννη Κωνσταντίνος (Κωστής),Χατζηδάκης,Χατζηδάκης Κωστής,ΝΔ,434832879,434832879,0,0,0,0,0,0
Βαρβιτσιώτης Ιωάννη Μιλτιάδης,Βαρβιτσιώτης,Βαρβιτσιώτης Μιλτιάδης,ΝΔ,60591084,60591084,0,0,0,0,0,0
Λοβέρδος Πέτρου Ιωάννης - Μιχαήλ (Γιάννης),Λοβέρδος,Λοβέρδος Γιάννης,ΝΔ,2500320130,2500320130,225931853,0,0,0,0,0
Μητσοτάκης Κωνσταντίνου Κυριάκος,Μητσοτάκης,Μητσοτάκης Κυριάκος,ΝΔ,14283525,14283525,0,104298598,0,104298598,0,0
Κυρανάκης Ιωάννη - Παναγιώτη Κωνσταντίνος,Κυρανάκης,Κυρανάκης Κωνσταντίνος,ΝΔ,17132736,17132736,0,0,0,0,0,0
Παπαδημητρίου Αθανασίου Χαράλαμπος (Μπάμπης),Παπαδημητρίου,Παπαδημητρίου Μπάμπης,ΝΔ,48426854,0,0,48426854,0,962446921381154816,790638084643774464,0
Σπανάκης Νικολάου Βασίλειος - Πέτρος,Σπανάκης,Σπανάκης Πέτρος,ΝΔ,162448017,162448017,0,0,0,0,0,0
Δένδιας Σπυρίδωνος Νικόλαος - Γεώργιος,Δένδιας,Δένδιας Γεώργιος,ΝΔ,236744081,236744081,0,0,0,0,0,0
Βούλτεψη Ιωάννη Σοφία,Βούλτεψη,Βούλτεψη Σοφία,ΝΔ,404193258,0,0,0,0,0,0,0
Καλλιάνος Δημητρίου Ιωάννης,Καλλιάνος,Καλλιάνος Ιωάννης,ΝΔ,310780249,310780249,0,0,0,0,0,0
Καραμανλή Αρκαδίου Άννα,Καραμανλή,Καραμανλή Άννα,ΝΔ,478754813,1156609842888552448,0,0,0,0,0,0
Θεοχάρης Αθανασίου Θεοχάρης (Χάρης),Θεοχάρης,Θεοχάρης Χάρης,ΝΔ,107136186,107136186,0,0,0,0,0,0
Χατζηδάκης Διονυσίου Διονύσιος,Χατζηδάκης,Χατζηδάκης Διονύσιος,ΝΔ,0,434832879,0,0,0,0,0,0
Δούνια Δημητρίου Παναγιώτα (Νόνη),Δούνια,Δούνια Νόνη,ΝΔ,1141433832769503238,0,0,0,0,0,0,0
Κατσαφάδος Ιωάννη Κωνσταντίνος,Κατσαφάδος,Κατσαφάδος Κωνσταντίνος,ΝΔ,1382995979473928192,4862453039,370598533,0,0,0,0,0
Μπουτσικάκης Ιωάννη Χριστόφορος - Εμμανουήλ,Μπουτσικάκης,Μπουτσικάκης Εμμανουήλ,ΝΔ,849286834337271808,849286834337271808,0,0,0,0,0,0
Μελάς Παναγιώτη Ιωάννης,Μελάς,Μελάς Ιωάννης,ΝΔ,197613052,197613052,0,0,0,0,0,0
Μανωλάκος Πέτρου Νικόλαος,Μανωλάκος,Μανωλάκος Νικόλαος,ΝΔ,1246802753759952899,1246802753759952896,0,0,0,0,0,0
Μαρκόπουλος Κωνσταντίνου Δημήτριος,Μαρκόπουλος,Μαρκόπουλος Δημήτριος,ΝΔ,590082909,0,0,0,0,0,0,0
Τραγάκης Παναγιώτη Ιωάννης,Τραγάκης,Τραγάκης Ιωάννης,ΝΔ,0,0,0,0,0,0,0,0
Μαρτίνου Αθανασίου Γεωργία,Μαρτίνου,Μαρτίνου Γεωργία,ΝΔ,546281641,0,546281641,0,0,0,0,0
Οικονόμου Αθανασίου Βασίλειος,Οικονόμου,Οικονόμου Βασίλειος,ΝΔ,770226983657701377,0,770226983657701376,0,0,0,0,0
Βλάχος Θεοδώρου Γεώργιος,Βλάχος,Βλάχος Γεώργιος,ΝΔ,2613473180,0,0,0,0,0,0,0
Βορίδης Χρήστου Μαυρουδής (Μάκης),Βορίδης,Βορίδης Μάκης,ΝΔ,540179903,540179903,0,0,0,0,0,0
Μπούρας Κωνσταντίνου Αθανάσιος,Μπούρας,Μπούρας Αθανάσιος,ΝΔ,2976349222,0,0,2976349222,0,0,0,0
Κώτσηρας Αναστασίου Γεώργιος,Κώτσηρας,Κώτσηρας Γεώργιος,ΝΔ,2445790562,2445790562,0,0,0,0,0,0
Λιάκος Γεωργίου Ευάγγελος,Λιάκος,Λιάκος Ευάγγελος,ΝΔ,480344041,0,0,0,0,0,0,0
Λιβανός Διονυσίου Σπυρίδωνας-Παναγιώτης (Σπήλιος),Λιβανός,Λιβανός Σπήλιος,ΝΔ,1904674254,285581881,0,0,0,0,0,0
Σαλμάς Γεωργίου Μάριος,Σαλμάς,Σαλμάς Μάριος,ΝΔ,335179820,335179820,0,0,0,0,0,0
Καραγκούνης Ανδρέα Κωνσταντίνος,Καραγκούνης,Καραγκούνης Κωνσταντίνος,ΝΔ,805151138,0,0,0,0,805151138,0,0
Ανδριανός Σωτηρίου Ιωάννης,Ανδριανός,Ανδριανός Ιωάννης,ΝΔ,0,0,0,0,0,0,0,0
Βλάσης Γεωργίου Κωνσταντίνος,Βλάσης,Βλάσης Κωνσταντίνος,ΝΔ,402714886,402714886,0,0,0,0,0,0
Στύλιος Δημοσθένη Γεώργιος,Στύλιος,Στύλιος Γεώργιος,ΝΔ,74694195,74694195,0,0,0,0,0,0
Αλεξοπούλου Μιχαήλ Χριστίνα,Αλεξοπούλου,Αλεξοπούλου Χριστίνα,ΝΔ,93629265,93629265,0,0,0,0,0,0
Κατσανιώτης Ιωάννη Ανδρέας,Κατσανιώτης,Κατσανιώτης Ανδρέας,ΝΔ,407091620,407091620,0,0,0,0,0,0
Τσιγκρής Αντωνίου Άγγελος,Τσιγκρής,Τσιγκρής Άγγελος,ΝΔ,409149518,409149518,0,0,0,0,0,0
Φωτήλας Ασημάκη Ιάσων,Φωτήλας,Φωτήλας Ιάσων,ΝΔ,3063865762,3063865762,0,0,0,0,0,0
Κουτσούμπας Βασιλείου Ανδρέας,Κουτσούμπας,Κουτσούμπας Ανδρέας,ΝΔ,563969004,0,0,0,0,0,0,0
Πάτσης Κωνσταντίνου Ανδρέας,Πάτσης,Πάτσης Ανδρέας,ΝΔ,1010930311289556992,0,0,0,0,0,0,0
Μπλούχος Δημητρίου Κωνσταντίνος,Μπλούχος,Μπλούχος Κωνσταντίνος,ΝΔ,2973131037,0,0,0,0,0,0,0
Παππάς Κωνσταντίνου Ιωάννης,Παππάς,Παππάς Ιωάννης,ΝΔ,2960720745,403331236,0,0,0,855249397,14774443,0
Κόνσολας Νικία Εμμανουήλ (Μάνος),Κόνσολας,Κόνσολας Μάνος,ΝΔ,437388094,437388094,0,0,0,0,0,0
Ιατρίδη Ιωάννη Τσαμπίκα (Μίκα),Ιατρίδη,Ιατρίδη Μίκα,ΝΔ,0,0,0,0,0,0,0,0
Υψηλάντης Αναστασίου Βασίλειος - Νικόλαος,Υψηλάντης,Υψηλάντης Νικόλαος,ΝΔ,410883378,0,0,0,0,0,0,0
Δημοσχάκης Σπύρου Αναστάσιος (Τάσος),Δημοσχάκης,Δημοσχάκης Τάσος,ΝΔ,2466630270,2466630270,0,0,0,0,0,0
Κελέτσης Δημητρίου Σταύρος,Κελέτσης,Κελέτσης Σταύρος,ΝΔ,1158632932304674822,1158632932304674816,0,0,0,0,0,0
Δερμεντζόπουλος Αλεξάνδρου Χρήστος,Δερμεντζόπουλος,Δερμεντζόπουλος Χρήστος,ΝΔ,342436250,0,0,0,0,0,0,0
Κεδίκογλου Βασιλείου Συμεών (Σίμος),Κεδίκογλου,Κεδίκογλου Σίμος,ΝΔ,2748749053,2748749053,0,0,0,0,0,0
Ζεμπίλης Γεωργίου Αθανάσιος,Ζεμπίλης,Ζεμπίλης Αθανάσιος,ΝΔ,1137980607496183809,1137980607496183808,0,0,0,0,0,0
Πνευματικός Γεωργίου Σπυρίδωνας,Πνευματικός,Πνευματικός Σπυρίδωνας,ΝΔ,0,0,0,0,0,0,0,0
Κοντογεώργος Αθανασίου Κωνσταντίνος,Κοντογεώργος,Κοντογεώργος Κωνσταντίνος,ΝΔ,0,0,0,0,0,0,0,0
Ακτύπης Δημητρίου Διονύσιος,Ακτύπης,Ακτύπης Διονύσιος,ΝΔ,0,0,0,0,0,1928720126,0,0
Νικολακόπουλος Θεοδώρου Ανδρέας,Νικολακόπουλος,Νικολακόπουλος Ανδρέας,ΝΔ,1325311602,0,1325311602,3006061199,0,353333637,0,0
Τζαβάρας Γεωργίου Κωνσταντίνος,Τζαβάρας,Τζαβάρας Κωνσταντίνος,ΝΔ,2863966079,0,2863966079,0,0,1218456838846472192,0,0
Αυγερινοπούλου Ζήσιμου Διονυσία - Θεοδώρα,Αυγερινοπούλου,Αυγερινοπούλου Θεοδώρα,ΝΔ,142677826,142677826,0,0,0,0,0,0
Βεσυρόπουλος Φωτίου Απόστολος,Βεσυρόπουλος,Βεσυρόπουλος Απόστολος,ΝΔ,560852528,560852528,0,0,0,0,0,0
Μπαρτζώκας Στεργίου Αναστάσιος,Μπαρτζώκας,Μπαρτζώκας Αναστάσιος,ΝΔ,3410091958,3410091958,0,0,0,0,0,0
Τσαβδαρίδης Γεωργίου Λάζαρος,Τσαβδαρίδης,Τσαβδαρίδης Λάζαρος,ΝΔ,3313931657,0,0,0,0,0,0,0
Σενετάκης Γεωργίου Μάξιμος,Σενετάκης,Σενετάκης Μάξιμος,ΝΔ,404869413,404869413,0,0,0,0,0,0
Αυγενάκης Κωνσταντίνου Ελευθέριος,Αυγενάκης,Αυγενάκης Ελευθέριος,ΝΔ,706861315344748545,706861315344748544,0,0,0,0,0,0
Γιόγιακας Νικολάου Βασίλειος,Γιόγιακας,Γιόγιακας Βασίλειος,ΝΔ,907708101872283649,0,0,0,0,0,0,0
Γκιουλέκας Πέτρου Κωνσταντίνος,Γκιουλέκας,Γκιουλέκας Κωνσταντίνος,ΝΔ,190278613,190278613,0,0,0,0,0,0
Καραμανλής Αλεξάνδρου Κωνσταντίνος,Καραμανλής,Καραμανλής Κωνσταντίνος,ΝΔ,0,1156609842888552448,0,0,0,0,167943135,0
Καλαφάτης Αθανασίου Σταύρος,Καλαφάτης,Καλαφάτης Σταύρος,ΝΔ,484702915,484702915,0,0,0,0,0,0
Ευθυμίου Ταξιάρχη Άννα,Ευθυμίου,Ευθυμίου Άννα,ΝΔ,529702286,529702286,0,0,0,0,0,0
Σιμόπουλος Γεωργίου Ευστράτιος (Στράτος),Σιμόπουλος,Σιμόπουλος Στράτος,ΝΔ,110670092,110670092,0,0,0,0,0,0
Ράπτη Δημητρίου Ελένη,Ράπτη,Ράπτη Ελένη,ΝΔ,70973903,0,0,0,0,0,0,0
Κούβελας Σωτηρίου Δημήτριος,Κούβελας,Κούβελας Δημήτριος,ΝΔ,253261560,0,253261560,0,0,0,0,0
Καράογλου Γεωργίου Θεόδωρος,Καράογλου,Καράογλου Θεόδωρος,ΝΔ,393292109,393292109,0,0,0,0,0,0
Βαρτζόπουλος Χρυσοστόμου Δημήτριος,Βαρτζόπουλος,Βαρτζόπουλος Δημήτριος,ΝΔ,927913279,927913279,70340615,0,0,0,0,0
Αναστασιάδης Ιωάννη Σάββας,Αναστασιάδης,Αναστασιάδης Σάββας,ΝΔ,852566696,568981074,852566696,0,0,0,0,0
Κεφαλά Στεφάνου Μαρία - Αλεξάνδρα,Κεφαλά,Κεφαλά Αλεξάνδρα,ΝΔ,0,0,0,0,0,0,0,0
Καλογιάννης Ελευθερίου Σταύρος,Καλογιάννης,Καλογιάννης Σταύρος,ΝΔ,0,0,0,0,0,0,0,0
Τασούλας Αναστασίου Κωνσταντίνος,Τασούλας,Τασούλας Κωνσταντίνος,ΝΔ,0,0,0,0,0,0,0,0
Αμυράς Στυλιανού Γεώργιος,Αμυράς,Αμυράς Γεώργιος,ΝΔ,75256329,75256329,0,0,0,75256329,0,0
Παναγιωτόπουλος Ιωάννη Νικόλαος,Παναγιωτόπουλος,Παναγιωτόπουλος Νικόλαος,ΝΔ,2892644871,2892644871,0,0,0,1035582223880257537,0,0
Πασχαλίδης Αδάμ Ιωάννης,Πασχαλίδης,Πασχαλίδης Ιωάννης,ΝΔ,557882540,557882540,0,0,0,0,0,0
Λαζαρίδης Βασιλείου Μακάριος,Λαζαρίδης,Λαζαρίδης Μακάριος,ΝΔ,189807100,189807100,0,0,0,0,0,0
Κωτσός Κωνσταντίνου Γεώργιος,Κωτσός,Κωτσός Γεώργιος,ΝΔ,1161045320400343040,0,0,0,0,0,0,0
Σκόνδρα Κωνσταντίνου Ασημίνα,Σκόνδρα,Σκόνδρα Ασημίνα,ΝΔ,1466870311,0,0,0,0,0,0,0
Τσιάρας Αλεξάνδρου Κωνσταντίνος,Τσιάρας,Τσιάρας Κωνσταντίνος,ΝΔ,974974055731355654,974974055731355648,0,0,0,0,0,0
Τζηκαλάγιας Γεωργίου Ζήσης,Τζηκαλάγιας,Τζηκαλάγιας Ζήσης,ΝΔ,0,0,0,0,0,0,0,0
Γκίκας Σωτηρίου Στέφανος,Γκίκας,Γκίκας Στέφανος,ΝΔ,395206721,395206721,0,0,0,0,0,0
Καππάτος Σπυρίδωνος-Διονυσίου Παναγής,Καππάτος,Καππάτος Παναγής,ΝΔ,1173581893079576580,1173581893079576576,0,0,0,0,0,0
Γεωργαντάς Παύλου Γεώργιος,Γεωργαντάς,Γεωργαντάς Γεώργιος,ΝΔ,1150728876424867840,1150728876424867840,0,0,0,199039259,0,0
Βρυζίδου Παναγιώτη Παρασκευή,Βρυζίδου,Βρυζίδου Παρασκευή,ΝΔ,1734838562,0,0,0,0,0,0,0
Αμανατίδης Ισαάκ Γεώργιος,Αμανατίδης,Αμανατίδης Γεώργιος,ΝΔ,1205419430781628416,2192270316,0,0,0,0,0,0
Παπαδόπουλος Γεωργίου Μιχάλης,Παπαδόπουλος,Παπαδόπουλος Μιχάλης,ΝΔ,547869595,0,0,1849120080,0,17865999,0,0
Κωνσταντινίδης Κωνσταντίνου Ευστάθιος,Κωνσταντινίδης,Κωνσταντινίδης Ευστάθιος,ΝΔ,557560811,0,0,0,0,1513094316,0,0
Σούκουλη - Βιλιάλη Δημητρίου Μαρία Ελένη (Μαριλένα),Σούκουλη,Σούκουλη Μαριλένα,ΝΔ,532337898,532337898,0,0,0,0,0,0
Ταγαράς Χρήστου Νικόλαος,Ταγαράς,Ταγαράς Νικόλαος,ΝΔ,552151981,552151981,0,0,0,0,0,0
Δήμας Σταύρου Χρίστος,Δήμας,Δήμας Χρίστος,ΝΔ,491550694,491550694,0,0,0,0,0,0
Βρούτσης Βασιλείου Ιωάννης,Βρούτσης,Βρούτσης Ιωάννης,ΝΔ,3064827747,3064827747,0,0,0,0,0,0
Μονογυιού Αικατερίνη,Μονογυιού,Μονογυιού Αικατερίνη,ΝΔ,1140269473397694471,2485511472,0,0,0,0,0,0
Φόρτωμας Αριστοτέλη Φίλιππος,Φόρτωμας,Φόρτωμας Φίλιππος,ΝΔ,0,0,0,0,0,0,0,0
Κρητικός Δημοσθένη Νεοκλής,Κρητικός,Κρητικός Νεοκλής,ΝΔ,1139451418975330305,0,0,0,0,557113766,713482060149686272,0
Δαβάκης Παναγιώτη Αθανάσιος,Δαβάκης,Δαβάκης Αθανάσιος,ΝΔ,444707209,444707209,0,0,0,0,0,0
Κέλλας Αχιλλέα Χρήστος,Κέλλας,Κέλλας Χρήστος,ΝΔ,545356505,0,0,0,0,0,0,0
Μπίζιου Νικολάου Στεργιανή (Στέλλα),Μπίζιου,Μπίζιου Στέλλα,ΝΔ,759834368168910849,0,0,0,0,0,0,0
Χαρακόπουλος Παντελή Μάξιμος,Χαρακόπουλος,Χαρακόπουλος Μάξιμος,ΝΔ,2969916503,2969916503,0,0,0,0,0,0
Πλακιωτάκης Ιωσήφ Ιωάννης,Πλακιωτάκης,Πλακιωτάκης Ιωάννης,ΝΔ,558383750,558383750,0,0,0,0,0,0
Αθανασίου Χριστόφα Χαράλαμπος,Αθανασίου,Αθανασίου Χαράλαμπος,ΝΔ,2840171877,2840171877,0,0,0,2840171877,1088970967,0
Καββαδάς Ιωάννη Αθανάσιος,Καββαδάς,Καββαδάς Αθανάσιος,ΝΔ,0,0,0,0,0,0,0,0
Μπουκώρος Γεωργίου Χρήστος,Μπουκώρος,Μπουκώρος Χρήστος,ΝΔ,982264362,0,0,0,0,0,0,0
Μαραβέγιας Αριστοτέλη Κωνσταντίνος,Μαραβέγιας,Μαραβέγιας Κωνσταντίνος,ΝΔ,2959151806,0,0,0,0,0,0,0
Μακρή Μιχαήλ Ζωή (Ζέττα),Μακρή,Μακρή Ζέττα,ΝΔ,2783917512,0,0,0,0,0,619362327,0
Λιούπης Κωνσταντίνου Αθανάσιος,Λιούπης,Λιούπης Αθανάσιος,ΝΔ,0,75256329,0,0,0,0,0,0
Μαντάς Παντελή Περικλής,Μαντάς,Μαντάς Περικλής,ΝΔ,196941064,0,196941064,0,0,0,0,0
Λαμπρόπουλος Δημητρίου Ιωάννης,Λαμπρόπουλος,Λαμπρόπουλος Ιωάννης,ΝΔ,0,0,0,0,0,539353793,0,0
Σαμαράς Κωνσταντίνου Αντώνιος,Σαμαράς,Σαμαράς Αντώνιος,ΝΔ,83656002,0,0,0,0,0,0,0
Χρυσομάλλης Παναγιώτη Μιλτιάδης (Μίλτος),Χρυσομάλλης,Χρυσομάλλης Μίλτος,ΝΔ,3405878033,0,0,0,0,0,0,0
Τσιλιγγίρης Γεωργίου Σπυρίδων (Σπύρος),Τσιλιγγίρης,Τσιλιγγίρης Σπύρος,ΝΔ,0,0,0,0,0,0,0,0
Σταμενίτης Ευαγγέλου Διονύσιος,Σταμενίτης,Σταμενίτης Διονύσιος,ΝΔ,559643881,559643881,0,0,0,0,0,0
Καρασμάνης Αθανασίου Γεώργιος,Καρασμάνης,Καρασμάνης Γεώργιος,ΝΔ,0,0,0,0,0,0,0,0
Βασιλειάδης Νικολάου Βασίλειος (Λάκης),Βασιλειάδης,Βασιλειάδης Λάκης,ΝΔ,961619128237940736,902155473230729216,0,0,0,102002360,0,0
Μάνη-Παπαδημητρίου Ευαγγέλου ΄Αννα,Μάνη-Παπαδημητρίου,Μάνη-Παπαδημητρίου ΄Αννα,ΝΔ,0,0,0,0,0,0,0,0
Μπαραλιάκος Ελευθερίου Ξενοφών (Φώντας),Μπαραλιάκος,Μπαραλιάκος Φώντας,ΝΔ,340183590,340183590,0,0,0,0,0,0
Χιονίδης Γεωργίου Σάββας,Χιονίδης,Χιονίδης Σάββας,ΝΔ,888762865,0,0,0,0,0,0,0
Γιαννάκης Κωνσταντίνου Στέργιος,Γιαννάκης,Γιαννάκης Στέργιος,ΝΔ,0,0,0,0,0,0,0,0
Κεφαλογιάννης Αχιλλέα Ιωάννης,Κεφαλογιάννης,Κεφαλογιάννης Ιωάννης,ΝΔ,562182659,2441261875,0,0,0,0,0,0
Στυλιανίδης Στυλιανού Ευριπίδης,Στυλιανίδης,Στυλιανίδης Ευριπίδης,ΝΔ,1614767336,1614767336,1586189298,0,0,0,0,0
Στεφανάδης Ισιδώρου Χριστόδουλος,Στεφανάδης,Στεφανάδης Χριστόδουλος,ΝΔ,849094652,0,0,0,0,0,0,0
Λεονταρίδης Χρήστου Θεόφιλος,Λεονταρίδης,Λεονταρίδης Θεόφιλος,ΝΔ,540694975,540694975,0,0,0,0,0,0
Καραμανλής Αχιλλέα Κωνσταντίνος,Καραμανλής,Καραμανλής Κωνσταντίνος,ΝΔ,1156609842888552448,1156609842888552448,0,0,0,0,167943135,0
Αραμπατζή Αθανασίου Φωτεινή,Αραμπατζή,Αραμπατζή Φωτεινή,ΝΔ,537431019,537431019,0,0,0,0,0,0
Χατζηβασιλείου Γεωργίου Αναστάσιος (Τάσος),Χατζηβασιλείου,Χατζηβασιλείου Τάσος,ΝΔ,474756525,0,0,0,0,0,0,0
Λιούτας Αχιλλέως Αθανάσιος,Λιούτας,Λιούτας Αθανάσιος,ΝΔ,0,0,0,0,0,0,0,0
Σκρέκας Θεοδώρου Κωνσταντίνος,Σκρέκας,Σκρέκας Κωνσταντίνος,ΝΔ,3041226449,3041226449,0,0,0,0,0,0
Παπακώστα - Παλιούρα Δημητρίου Αικατερίνη (Κατερίνα),Παπακώστα,Παπακώστα Κατερίνα,ΝΔ,1134005835452076033,0,365940969,0,0,0,0,0
Οικονόμου Δημητρίου Ιωάννης,Οικονόμου,Οικονόμου Ιωάννης,ΝΔ,265981780,0,770226983657701376,0,0,0,0,0
Σταϊκούρας Κωνσταντίνου Χρήστος,Σταϊκούρας,Σταϊκούρας Χρήστος,ΝΔ,84853888,84853888,0,0,0,0,0,0
Κοτρωνιάς Νικολάου Γεώργιος,Κοτρωνιάς,Κοτρωνιάς Γεώργιος,ΝΔ,0,0,0,0,0,0,0,0
Χειμάρας Αθανασίου Θεμιστοκλής (Θέμης),Χειμάρας,Χειμάρας Θέμης,ΝΔ,2181688916,0,0,0,0,0,0,0
Αντωνιάδης Δημητρίου Ιωάννης,Αντωνιάδης,Αντωνιάδης Ιωάννης,ΝΔ,779274745854451713,0,0,0,0,0,0,0
Μπούγας Δημητρίου Ιωάννης,Μπούγας,Μπούγας Ιωάννης,ΝΔ,947930930202673153,0,947930930202673152,0,0,976810770,0,0
Βαγιωνάς Κωνσταντίνου Γεώργιος,Βαγιωνάς,Βαγιωνάς Γεώργιος,ΝΔ,2955647698,2209298262,0,0,0,0,0,0
Διγαλάκης Βασιλείου Βασίλειος,Διγαλάκης,Διγαλάκης Βασίλειος,ΝΔ,2245911122,2245911122,0,0,0,0,0,0
Μπακογιάννη Κωνσταντίνου Θεοδώρα (Ντόρα),Μπακογιάννη,Μπακογιάννη Ντόρα,ΝΔ,13766852,0,0,0,0,0,0,0
Βολουδάκης Γεωργίου Μανούσος - Κωνσταντίνος,Βολουδάκης,Βολουδάκης Κωνσταντίνος,ΝΔ,21152451,0,0,0,0,0,0,0
Μηταράκης Αντωνίου Παναγιώτης (Νότης),Μηταράκης,Μηταράκης Νότης,ΝΔ,250518647,250518647,0,0,0,0,0,0
Αχτσιόγλου Θεμιστοκλή Ευτυχία,Αχτσιόγλου,Αχτσιόγλου Ευτυχία,ΣΥΡΙΖΑ,1051860153191096321,1051860153191096320,0,0,0,0,0,0
Βασιλικός Νικολάου Βασίλειος (Βασίλης),Βασιλικός,Βασιλικός Βασίλης,ΣΥΡΙΖΑ,0,0,0,0,0,0,0,0
Σκουρλέτης Βασιλείου Παναγιώτης (Πάνος),Σκουρλέτης,Σκουρλέτης Πάνος,ΣΥΡΙΖΑ,408566492,408566492,0,0,0,0,0,0
Φλαμπουράρης Γερασίμου Αλέξανδρος,Φλαμπουράρης,Φλαμπουράρης Αλέξανδρος,ΣΥΡΙΖΑ,0,0,0,0,0,0,0,0
Φίλης Αριστοτέλη Νικόλαος,Φίλης,Φίλης Νικόλαος,ΣΥΡΙΖΑ,2969679155,2969679155,0,0,0,0,0,0
Τζανακόπουλος Μόσχου Δημήτριος,Τζανακόπουλος,Τζανακόπουλος Δημήτριος,ΣΥΡΙΖΑ,801812686954725377,801812686954725376,0,0,0,0,0,0
Βερναρδάκης Δημοσθένη Χριστόφορος,Βερναρδάκης,Βερναρδάκης Χριστόφορος,ΣΥΡΙΖΑ,801796590117801984,801796590117801984,0,0,0,0,0,0
Βούτσης Γεωργίου Νικόλαος,Βούτσης,Βούτσης Νικόλαος,ΣΥΡΙΖΑ,0,0,0,0,0,0,0,0
Ζαχαριάδης Εμμανουήλ Κωνσταντίνος,Ζαχαριάδης,Ζαχαριάδης Κωνσταντίνος,ΣΥΡΙΖΑ,204069781,0,0,0,0,0,0,0
Κατρούγκαλος Στέλιου - Παναγιώτη Γεώργιος,Κατρούγκαλος,Κατρούγκαλος Γεώργιος,ΣΥΡΙΖΑ,42008209,42008209,0,0,0,0,0,0
Ξενογιαννακοπούλου Διονυσίου Μαρία - Ελίζα (Μαριλίζα),Ξενογιαννακοπούλου,Ξενογιαννακοπούλου Μαριλίζα,ΣΥΡΙΖΑ,1224671498,0,0,0,0,0,0,0
Τσακαλώτος Στεφάνου Ευκλείδης,Τσακαλώτος,Τσακαλώτος Ευκλείδης,ΣΥΡΙΖΑ,2975032769,2975032769,0,0,0,0,0,0
Καφαντάρη Φωτίου Χαρούλα (Χαρά),Καφαντάρη,Καφαντάρη Χαρά,ΣΥΡΙΖΑ,0,0,0,0,0,0,0,0
Παπαχριστόπουλος Θεμιστοκλή Αθανάσιος (Θανάσης),Παπαχριστόπουλος,Παπαχριστόπουλος Θανάσης,ΣΥΡΙΖΑ,546169921,0,0,0,0,0,0,0
Δραγασάκης Ανδρέα Ιωάννης,Δραγασάκης,Δραγασάκης Ιωάννης,ΣΥΡΙΖΑ,806736306,806736306,0,0,0,0,0,0
Βίτσας Αθανασίου Δημήτριος,Βίτσας,Βίτσας Δημήτριος,ΣΥΡΙΖΑ,4031768219,0,0,0,0,0,0,0
Παππάς Στυλιανού Νικόλαος,Παππάς,Παππάς Νικόλαος,ΣΥΡΙΖΑ,403331236,403331236,0,0,0,855249397,14774443,0
Μουζάλας Ευστράτιου Ιωάννης,Μουζάλας,Μουζάλας Ιωάννης,ΣΥΡΙΖΑ,4187615537,4187615537,0,0,0,0,0,0
Μπαλάφας Περικλή Ιωάννης,Μπαλάφας,Μπαλάφας Ιωάννης,ΣΥΡΙΖΑ,1728198787,1728198787,0,0,0,0,0,0
Φωτίου Βασιλείου Θεανώ,Φωτίου,Φωτίου Θεανώ,ΣΥΡΙΖΑ,631973249,0,631973249,0,0,0,0,0
Χρηστίδου Δημητρίου Ραλλία,Χρηστίδου,Χρηστίδου Ραλλία,ΣΥΡΙΖΑ,171176245,0,171176245,0,0,733653186666504193,760921278693908480,0
Δρίτσας Παναγιώτη Θεόδωρος,Δρίτσας,Δρίτσας Θεόδωρος,ΣΥΡΙΖΑ,0,0,0,0,0,0,0,0
Κασιμάτη Γεωργίου Ειρήνη (Νίνα),Κασιμάτη,Κασιμάτη Νίνα,ΣΥΡΙΖΑ,267790532,267790532,0,0,0,0,0,0
Αλεξιάδης Ζαφειρίου Τρύφων,Αλεξιάδης,Αλεξιάδης Τρύφων,ΣΥΡΙΖΑ,0,0,472140877,0,0,0,0,0
Ραγκούσης Νικολάου Ιωάννης,Ραγκούσης,Ραγκούσης Ιωάννης,ΣΥΡΙΖΑ,370616013,370616013,0,0,0,0,0,0
Σκουρολιάκος Λουκά Παναγιώτης (Πάνος),Σκουρολιάκος,Σκουρολιάκος Πάνος,ΣΥΡΙΖΑ,3936923243,0,3936923243,0,0,0,0,0
Σπίρτζης Παναγιώτη Χρήστος,Σπίρτζης,Σπίρτζης Χρήστος,ΣΥΡΙΖΑ,758622915965444096,758622915965444096,293434226,0,709702013865562112,709702013865562112,0,0
Αθανασίου Ευθυμίου Αθανάσιος (Νάσος),Αθανασίου,Αθανασίου Νάσος,ΣΥΡΙΖΑ,965785002,0,2840171877,0,0,1088970967,424495304,0
Τσίπρας Ηρακλή Γεώργιος,Τσίπρας,Τσίπρας Γεώργιος,ΣΥΡΙΖΑ,2960910021,0,0,0,0,0,0,0
Βαρεμένος Βασιλείου Γεώργιος,Βαρεμένος,Βαρεμένος Γεώργιος,ΣΥΡΙΖΑ,1179294218088599552,1179294218088599552,0,0,0,0,0,0
Μωραΐτης Χρήστου Αθανάσιος (Θάνος),Μωραΐτης,Μωραΐτης Θάνος,ΣΥΡΙΖΑ,404205439,0,0,404205439,0,332221073,0,39458583
Γκιόλας Δημητρίου Ιωάννης,Γκιόλας,Γκιόλας Ιωάννης,ΣΥΡΙΖΑ,0,0,0,0,0,0,0,0
Παπαηλιού Ηλία Γεώργιος,Παπαηλιού,Παπαηλιού Γεώργιος,ΣΥΡΙΖΑ,0,0,0,0,0,0,0,0
Γεροβασίλη Βασιλείου Όλγα,Γεροβασίλη,Γεροβασίλη Όλγα,ΣΥΡΙΖΑ,2786227298,2786227298,0,0,0,0,0,0
Αναγνωστοπούλου Πέτρου Αθανασία (Σία),Αναγνωστοπούλου,Αναγνωστοπούλου Σία,ΣΥΡΙΖΑ,2427879955,0,0,0,0,0,0,0
Μάρκου Βασιλείου Κωνσταντίνος,Μάρκου,Μάρκου Κωνσταντίνος,ΣΥΡΙΖΑ,0,0,0,0,0,0,0,0
Τσίπρας Παύλου Αλέξιος,Τσίπρας,Τσίπρας Αλέξιος,ΣΥΡΙΖΑ,334602996,0,0,0,0,0,0,0
Πούλου Λεωνίδα Παναγιού (Γιώτα),Πούλου,Πούλου Γιώτα,ΣΥΡΙΖΑ,567066109,0,0,0,0,0,0,0
Ξανθόπουλος Σάββα Θεόφιλος,Ξανθόπουλος,Ξανθόπουλος Θεόφιλος,ΣΥΡΙΖΑ,1192464378240614400,1192464378240614400,0,0,0,0,0,0
Σαντορινιός Κωνσταντίνου Νεκτάριος,Σαντορινιός,Σαντορινιός Νεκτάριος,ΣΥΡΙΖΑ,17991384,17991384,0,0,0,0,0,0
Γκαρά Γεωργίου Αναστασία (Νατάσα),Γκαρά,Γκαρά Νατάσα,ΣΥΡΙΖΑ,583853188,0,0,0,0,0,0,0
Αποστόλου Δημητρίου Ευάγγελος,Αποστόλου,Αποστόλου Ευάγγελος,ΣΥΡΙΖΑ,961900635913424896,961900635913424896,0,0,0,880790885134471168,0,0
Χατζηγιαννάκης Ευαγγέλου Μιλτιάδης,Χατζηγιαννάκης,Χατζηγιαννάκης Μιλτιάδης,ΣΥΡΙΖΑ,0,0,0,0,0,0,0,0
Καλαματιανός Χρήστου Διονύσιος-Χαράλαμπος,Καλαματιανός,Καλαματιανός Διονύσιος-Χαράλαμπος,ΣΥΡΙΖΑ,2952906353,0,0,0,0,0,0,0
Καρασαρλίδου Γεωργίου Ευφροσύνη (Φρόσω),Καρασαρλίδου,Καρασαρλίδου Φρόσω,ΣΥΡΙΖΑ,3105268391,0,0,0,0,0,0,0
Ηγουμενίδης Εμμανουήλ Νικόλαος,Ηγουμενίδης,Ηγουμενίδης Νικόλαος,ΣΥΡΙΖΑ,907201823613837312,907201823613837312,0,0,0,0,0,0
Βαρδάκης Δημητρίου Σωκράτης,Βαρδάκης,Βαρδάκης Σωκράτης,ΣΥΡΙΖΑ,773986323422146561,773986323422146560,0,0,0,0,0,0
Μαμουλάκης Αντωνίου Χαράλαμπος (Χάρης),Μαμουλάκης,Μαμουλάκης Χάρης,ΣΥΡΙΖΑ,823985090925576194,823985090925576192,0,0,0,0,0,0
Κάτσης Σπυρίδωνος Μάριος,Κάτσης,Κάτσης Μάριος,ΣΥΡΙΖΑ,3325625573,3325625573,0,0,0,0,0,0
Ζουράρης Γεωργίου Κωνσταντίνος,Ζουράρης,Ζουράρης Κωνσταντίνος,ΣΥΡΙΖΑ,0,0,0,0,0,0,0,0
Γιαννούλης Ιωάννη Χρήστος,Γιαννούλης,Γιαννούλης Χρήστος,ΣΥΡΙΖΑ,359478003,359478003,0,0,0,0,0,0
Αμανατίδης Γεωργίου Ιωάννης,Αμανατίδης,Αμανατίδης Ιωάννης,ΣΥΡΙΖΑ,2192270316,2192270316,0,0,0,0,0,0
Νοτοπούλου Παναγιώτη Αικατερίνη (Κατερίνα),Νοτοπούλου,Νοτοπούλου Κατερίνα,ΣΥΡΙΖΑ,983983199012425728,983983199012425728,0,0,0,0,0,0
Τριανταφυλλίδης Γεωργίου Αλέξανδρος (Αλέκος),Τριανταφυλλίδης,Τριανταφυλλίδης Αλέκος,ΣΥΡΙΖΑ,2662790664,2662790664,0,0,0,0,0,0
Φάμελλος Πέτρου Σωκράτης,Φάμελλος,Φάμελλος Σωκράτης,ΣΥΡΙΖΑ,3034441257,0,0,0,0,0,0,0
Αυγέρη Πέτρου Θεοδώρα (Δώρα),Αυγέρη,Αυγέρη Δώρα,ΣΥΡΙΖΑ,357631685,357631685,0,0,0,0,0,0
Τζούφη Στεφάνου Μερόπη,Τζούφη,Τζούφη Μερόπη,ΣΥΡΙΖΑ,3096944951,3096944951,0,0,0,0,0,0
Ελευθεριάδου Παύλου Σουλτάνα,Ελευθεριάδου,Ελευθεριάδου Σουλτάνα,ΣΥΡΙΖΑ,1293462895842545664,1293462895842545664,0,0,0,0,0,0
Λάππας Ευαγγέλου Σπυρίδωνας,Λάππας,Λάππας Σπυρίδωνας,ΣΥΡΙΖΑ,1232684640202317825,0,0,0,0,0,0,0
Τελιγιορίδου Ιωάννη Ολυμπία,Τελιγιορίδου,Τελιγιορίδου Ολυμπία,ΣΥΡΙΖΑ,1057566665595076608,1057566665595076608,0,0,0,0,0,0
Αυλωνίτης Νικολάου Αλέξανδρος - Χρήστος,Αυλωνίτης,Αυλωνίτης Χρήστος,ΣΥΡΙΖΑ,1161547840449130497,0,0,1161547840449130496,0,1244939534116274187,0,0
Αγαθοπούλου Δημητρίου Ειρήνη-Ελένη,Αγαθοπούλου,Αγαθοπούλου Ειρήνη-Ελένη,ΣΥΡΙΖΑ,487731215,487731215,0,0,0,0,0,0
Βέτα Δημητρίου Καλλιόπη,Βέτα,Βέτα Καλλιόπη,ΣΥΡΙΖΑ,0,0,0,0,0,31415600,19976756,0
Ψυχογιός Κωνσταντίνου Γεώργιος,Ψυχογιός,Ψυχογιός Γεώργιος,ΣΥΡΙΖΑ,3100185977,0,0,0,0,0,0,0
Συρμαλένιος Ευαγγέλου Νικόλαος,Συρμαλένιος,Συρμαλένιος Νικόλαος,ΣΥΡΙΖΑ,349090550,0,0,0,0,0,0,0
Αραχωβίτης Γεωργίου Σταύρος,Αραχωβίτης,Αραχωβίτης Σταύρος,ΣΥΡΙΖΑ,0,0,0,0,0,0,0,0
Βαγενά Κηλαηδόνη χήρα Λουκιανού Άννα,Βαγενά,Βαγενά Άννα,ΣΥΡΙΖΑ,3377051099,1113176529209569280,0,0,0,0,0,0
Κόκκαλης Κωνσταντίνου Βασίλειος,Κόκκαλης,Κόκκαλης Βασίλειος,ΣΥΡΙΖΑ,555858535,0,0,555858535,0,555858535,0,0
Θραψανιώτης Μιχαήλ Εμμανουήλ,Θραψανιώτης,Θραψανιώτης Εμμανουήλ,ΣΥΡΙΖΑ,0,0,0,0,0,0,0,0
Μπουρνούς Δημητρίου Ιωάννης,Μπουρνούς,Μπουρνούς Ιωάννης,ΣΥΡΙΖΑ,24637896,24637896,0,0,0,0,0,0
Μεϊκόπουλος Μιχαήλ Αλέξανδρος,Μεϊκόπουλος,Μεϊκόπουλος Αλέξανδρος,ΣΥΡΙΖΑ,1001342479,555858535,0,0,0,0,0,0
Παπανάτσιου Στέργιου Αικατερίνη,Παπανάτσιου,Παπανάτσιου Αικατερίνη,ΣΥΡΙΖΑ,0,0,0,0,0,0,0,0
Χαρίτσης Βύρωνα Αλέξανδρος (Αλέξης),Χαρίτσης,Χαρίτσης Αλέξης,ΣΥΡΙΖΑ,973164892877459456,973164892877459456,0,0,0,0,0,0
Ζεϊμπέκ Χασάν Χουσεϊν,Ζεϊμπέκ,Ζεϊμπέκ Χουσεϊν,ΣΥΡΙΖΑ,338861628,338861628,0,0,0,0,0,0
Τζάκρη Εμμανουήλ Θεοδώρα,Τζάκρη,Τζάκρη Θεοδώρα,ΣΥΡΙΖΑ,413080707,0,0,0,0,0,0,0
Σκούφα Δημητρίου Ελισσάβετ (Μπέττυ),Σκούφα,Σκούφα Μπέττυ,ΣΥΡΙΖΑ,712255673178976256,0,0,0,0,0,0,0
Μπάρκας Θεοφάνη Κωνσταντίνος,Μπάρκας,Μπάρκας Κωνσταντίνος,ΣΥΡΙΖΑ,4178705584,4178705584,0,0,0,44960253,0,0
Ξανθός Γεωργίου Ανδρέας,Ξανθός,Ξανθός Ανδρέας,ΣΥΡΙΖΑ,1701576919,1701576919,0,0,0,0,0,0
Χαρίτου Αθανασίου Δημήτριος (Τάκης),Χαρίτου,Χαρίτου Τάκης,ΣΥΡΙΖΑ,0,0,0,0,0,0,0,0
Αβραμάκης Αντωνίου Ελευθέριος,Αβραμάκης,Αβραμάκης Ελευθέριος,ΣΥΡΙΖΑ,0,0,0,0,0,0,0,0
Παπαδόπουλος Αποστόλου Αθανάσιος (Σάκης),Παπαδόπουλος,Παπαδόπουλος Σάκης,ΣΥΡΙΖΑ,970306790,0,0,1849120080,0,17865999,0,0
Σαρακιώτης Αθανασίου Ιωάννης,Σαρακιώτης,Σαρακιώτης Ιωάννης,ΣΥΡΙΖΑ,709702013865562112,709702013865562112,0,0,0,0,0,0
Πέρκα Χαράλαμπου Θεοπίστη (Πέτη),Πέρκα,Πέρκα Πέτη,ΣΥΡΙΖΑ,1059819442572611584,0,0,0,0,0,0,0
Μάλαμα Ιωάννη Κυριακή,Μάλαμα,Μάλαμα Κυριακή,ΣΥΡΙΖΑ,1150482424134086659,0,1150482424134086656,0,0,0,0,0
Πολάκης Πέτρου Παύλος,Πολάκης,Πολάκης Παύλος,ΣΥΡΙΖΑ,2367424185,0,0,0,0,0,0,0
Μιχαηλίδης Φραγκούλη Ανδρέας,Μιχαηλίδης,Μιχαηλίδης Ανδρέας,ΣΥΡΙΖΑ,0,0,0,0,0,0,0,0
