Hotel City,Hotelname_x,Twitter Handle,Website,Facebook Handle,Result 1,Result 2,Result 3,Result 4,Result 5,Result 6,Result 7,Result 8,Result 9,Result 10
Acharavi,Hotel Matoula,,,,https://www.facebook.com/philoxeniaguesthouse/,https://www.facebook.com/hotelphyllis/,https://www.facebook.com/thassossunrise/,,,,,,,
Acharavi,Hotel Acharavi Beach,,https://www.acharavibeach.com/,https://www.facebook.com/AcharaviBeachHotelCorfu/,https://www.facebook.com/AcharaviBeachHotelCorfu/,https://www.facebook.com/AcharaviAphrodite/,https://www.facebook.com/acharavibeachvilla/,https://www.facebook.com/vlachosaparts/,,,,,,
Adelianos Kampos,Hotel Kathrin Beach,,https://kathrinbeach.com/,https://www.facebook.com/Kathrin-Beach-Hotel-102723908759397,https://www.facebook.com/StellaKatrinHotel/,https://www.facebook.com/alltours/,,,,,,,,
Afandou,Aelia Resort,,,,https://www.facebook.com/AeliaResortRhodes/,https://www.facebook.com/Olivetreefarmrhodes/,https://www.facebook.com/TheodoridisApartments/,https://www.facebook.com/solotour.zlin/,https://www.facebook.com/seaandsunvillage/,https://www.facebook.com/VillaPico/,https://www.facebook.com/elitozsuites/,https://www.facebook.com/obatimehotel/,,
Agia Pelagia,Hotel Alexander House,,http://www.alexanderhouse.gr/en/,https://www.facebook.com/alexanderhousehotel,https://www.facebook.com/alexanderhousehotel/,https://www.facebook.com/pelagiabayhotel/,https://www.facebook.com/derpartreisebuerogoslar/,https://www.facebook.com/taxiheraklio/,https://www.facebook.com/statusMLB/,,,,,
Agios Gordios,Mayor La Grotta Verde Grand Resort,mayorlagrotta,https://www.mayorlagrottaverde.com/en/,https://www.facebook.com/MayorLaGrottaVerde/,https://www.facebook.com/webbedseurope/,https://www.facebook.com/marblecitytravel.ie/,https://www.facebook.com/sebastianscorfu/,,,,,,,
Agios Petros,Mayor Capo Di Corfu,capodicorfu,https://www.mayorcapodicorfu.com/en/,https://www.facebook.com/MayorCapoDiCorfu,https://www.facebook.com/MayorCapoDiCorfu/,https://www.facebook.com/ClubLookeaMayorCapoDiCorfou/,https://www.facebook.com/kuonitravelpartner/,,,,,,,
Amoudara,smartline Neptuno Beach,,http://www.zeushotels.gr/neptuno/,https://www.facebook.com/SmartlineNeptuno/,https://www.facebook.com/ZeushotelsNeptunobeach/,https://www.facebook.com/DessoleDolphinBayResort/,https://www.facebook.com/enormelifestyle/,https://www.facebook.com/MaliaBayBeachHotel/,https://www.facebook.com/lyttosbeach/,https://www.facebook.com/SentidoPearlBeach/,https://www.facebook.com/IkarosBeachResortSpa/,https://www.facebook.com/ZeushotelsSeaBeach/,https://www.facebook.com/AlbatrosHersonissos/,https://www.facebook.com/CastroHotelAmmoudara/
Amoudara,TUI MAGIC LIFE Candia Maris,CandiaMaris,http://www.candiamaris.gr/,https://www.facebook.com/CandiaMarisResort/?ref=search,https://www.facebook.com/CandiaMarisResort/,https://www.facebook.com/pages/category/Recreation---Sports-Website/Club-Magic-Life-Candia-Maris-Kreta-Bike-Station-181425618671130/,https://www.facebook.com/Club-Magic-Life-Candia-Maris-Kreta-Bike-Station-181425618671130/,,,,,,,
Amoudara,Apollonia Beach Resort & Spa,ApolloniaHotel,https://www.apollonia.gr/,https://www.facebook.com/apollonia.gr/,https://www.facebook.com/pages/category/Beach-Resort/Santa-Marina-Resort-536778169705089/,,,,,,,,,
Analipsi,Lyttos Beach Hotel,,https://www.lyttosbeach.gr/,https://www.facebook.com/lyttosbeach/,https://www.facebook.com/lyttosbeach/,https://www.facebook.com/LIFE-animation-Lyttos-Beach-296482207173105/,https://www.facebook.com/pages/category/Interest/LIFE-animation-Lyttos-Beach-296482207173105/,https://www.facebook.com/lyttosbeach/?rf=246531252029724,,,,,,
Analipsi,INSULA ALBA Resort & Spa,,http://www.insulaalba.com/,https://www.facebook.com/insulaalbaresortspa/,https://www.facebook.com/insulaalbaresortspa/,https://www.facebook.com/goldenhotelsresorts/,,,,,,,,
Analipsi,Stella Island Resort & Spa,,https://stellaisland.gr/,https://www.facebook.com/stella.island.hotel.suites.spa/,https://www.facebook.com/stella.island.hotel.suites.spa/,https://www.facebook.com/andowtravel/,,,,,,,,
Anissaras,Hotel Anissa Beach & Village,AnissaBeachGR,https://anissabeach.com/,https://www.facebook.com/Anissa-Beach-Village-Hotel-1632483863680241/,https://www.facebook.com/pages/category/Beach-Resort/Anissa-Beach-Village-Hotel-1632483863680241/,https://www.facebook.com/galinianissaras/,,,,,,,,
Anissaras,Annabelle Beach Resort,,http://www.annabellebeachresort.gr/,https://www.facebook.com/annabellebeachresort/,https://www.facebook.com/annabellebeachresort/,https://www.facebook.com/pages/category/Travel-Agency/People-Travel-159100870866098/,,,,,,,,
Rhodos,Porto Angeli Beach Resort Hotel,portoangeli,https://www.portoangeli.com/,https://www.facebook.com/portoangeli,https://www.facebook.com/portoangeli/,https://www.facebook.com/Footloosedanceteam/,https://www.facebook.com/olympicpalace/,,,,,,,
Bali,Hotel Bali Blue Bay,,https://www.balibluebay.com/,,https://www.facebook.com/BaliBlueBay/,https://www.facebook.com/XidasGardenHotel/,https://www.facebook.com/pages/category/Hotel/ORMOS-Atalia-475092062589968/,https://www.facebook.com/BluePointVillas/,https://www.facebook.com/balibeachgr/,https://www.facebook.com/snorkelingbluelagoonamukbay/,,,,
Faliraki,Hotel Calypso Palace,,https://www.calypsopalace.gr/,,https://www.facebook.com/falirakibay/,https://www.facebook.com/GoldenBeachHotelRethymno/,https://www.facebook.com/kamaribeachrhodes/,https://www.facebook.com/esperidesbeachfamilyresort/,https://www.facebook.com/IloveRhodos/,https://www.facebook.com/MonachusCruises/,https://www.facebook.com/MyGreekTaxiRodos/,,,
Faliraki,Blue Sea Beach Resort,,https://blueseahotel.gr/,https://www.facebook.com/BlueSeaHotel.gr,https://www.facebook.com/BlueSeaHotel.gr/,https://www.facebook.com/blueseavillasplatanias/,https://www.facebook.com/apartmentsbluesea/,,,,,,,
Faliraki,Elysium Resort & Spa Hotel,elysiumresort,https://www.elysium.gr/,https://www.facebook.com/elysiumresort,https://www.facebook.com/elysiumresort/,https://www.facebook.com/celestineofficial/,,,,,,,,
Faliraki,Hotel Mitsis Faliraki Beach,mitsishotels,https://www.mitsishotels.com/en/hotels/faliraki-beach,https://www.facebook.com/mitsishotels/,https://www.facebook.com/Mitsisfalirakibeach/,https://www.facebook.com/mitsisfaliraki/,,,,,,,,
Faliraki,Hotel Castello Di Cavalieri Suites,,http://www.castello-suites.com/home/gr,,https://www.facebook.com/sagarhodos/,https://www.facebook.com/Magia-Fish-Spa-436464053045098/,https://www.facebook.com/pages/category/Veterinarian/%CE%9A%CF%84%CE%B7%CE%BD%CE%B9%CE%B1%CF%84%CF%81%CE%B5%CE%AF%CE%BF-%CE%9A%CE%B1%CE%BB%CE%BB%CE%B9%CF%83%CF%84%CE%AE-%CE%93-%CE%91%CE%BD%CE%B1%CF%83%CF%84%CE%B1%CF%83%CE%AF%CE%BF%CF%85-2290964707828789/,,,,,,,
Georgioupolis,Georgioupolis Resort Aquapark & SPA,,https://georgioupolis-resort.com/,https://www.facebook.com/Georgioupolis/,https://www.facebook.com/Georgioupolis/,https://www.facebook.com/harpinhotels/,,,,,,,,
Georgioupolis,Hotel Corissia Beach,corissia,https://corissia.com/en/,https://www.facebook.com/corissiahotels/?rf=215047598536943,https://www.facebook.com/maremontebeach/,https://www.facebook.com/corissiahotels/,,,,,,,,
Georgioupolis,Anemos Luxury Grand Resort,AnemosResort,https://www.anemosresort.com/en-gb,https://www.facebook.com/AnemosResort,https://www.facebook.com/AnemosResort/,,,,,,,,,
Georgioupolis,Hotel Pilot Beach,PilotBeach,https://www.pilot-beach.gr/,https://www.facebook.com/PilotBeachResort/,https://www.facebook.com/PilotBeachResort/,https://www.facebook.com/pilotamphora/?ref=py_c,https://www.facebook.com/pilotamphora/,https://www.facebook.com/hydramis/,,,,,,
Gerakini,Hotel Sonia Village,,https://www.hotel-sonia.gr/new2018/index.php/el/,https://www.facebook.com/Sonia-Village-Resort-68617068503/,https://www.facebook.com/fotinihousegerakini/,https://www.facebook.com/afroditibeach/,https://www.facebook.com/pages/category/Hotel/Hotel-Villa-George-Chalkidiki-kriopigi-170214839811545/,https://www.facebook.com/sonnestrandundmeer/,https://www.facebook.com/BitzaroHotel/,https://www.facebook.com/AerialVideosgr/,,,,
Gouves,Hotel Gouves Park Holiday Resort & Waterpark,,https://www.gouvespark.gr/,https://www.facebook.com/GouvesWaterPark/,https://www.facebook.com/GouvesWaterPark/,https://www.facebook.com/pages/category/Community/Gouves-Park-Animation-Team-2016-517118605161971/,https://www.facebook.com/Gouves-Park-Animation-Team-2016-517118605161971/,,,,,,,
Hersonissos,Hotel King Minos Palace,,http://www.kingminospalace.com/,,https://www.facebook.com/pages/category/Hotel-Resort/King-Minos-Palace-Hotel-Hersonissos-1634195743469976/,https://www.facebook.com/hotel.wellness.spa.services/,,,,,,,,
Hersonissos,Hersonissos Village Hotel & Bungalows,,https://www.hersotels.gr/,https://www.facebook.com/Hersotels/,https://www.facebook.com/HersonissosVillage/,https://www.facebook.com/HighBeach/,https://www.facebook.com/PortoGrecoVillage/,https://www.facebook.com/AldemarCretanVillage/,https://www.facebook.com/lyttosbeach/?rf=246531252029724,https://www.facebook.com/sergioshotelhersonissos/,https://www.facebook.com/pages/category/Hotel-Resort/King-Minos-Palace-Hotel-Hersonissos-1634195743469976/,https://www.facebook.com/travelsavvymom/,https://www.facebook.com/kolibritravel.lv,
Hersonissos,Hotel Nana Beach,,https://www.nanagoldenbeach.gr/,https://www.facebook.com/NanaGoldenBeach/,https://www.facebook.com/nanaprincesshotel/,https://www.facebook.com/ilovewatersportscrete/,https://www.facebook.com/scubakretadivingcenter/,https://www.facebook.com/creta.maris/,,,,,,
Hersonissos,Hotel Albatros,,https://www.albatros-hotel.gr/en/,https://www.facebook.com/albatros.sivota,https://www.facebook.com/AlbatrosHersonissos/,https://www.facebook.com/citygreenhotel/,,,,,,,,
Ialysos,Hotel Blue Horizon,,https://www.bluehorizonhotel.gr/,,https://www.facebook.com/pages/category/Hotel-Resort/Blue-Horizon-Hotel-Rhodes-2214997365264999/,https://www.facebook.com/pages/category/Vacation-Home-Rental/Annas-Brilliant-Villa-in-Ialysos-109302914165162/,https://www.facebook.com/pages/category/Beach/Ialysos-Beach-390352721109934/,https://www.facebook.com/rhodos.sk/,https://www.facebook.com/sunshinerhodes4/,https://www.facebook.com/Procenter-Rhodos-155034971219600/,https://www.facebook.com/olympicpalace/,https://www.facebook.com/MediterraneanLuxuryVilla/,https://www.facebook.com/Rhodescitytour/,
Ialysos,Hotel Sirene Beach,,,,https://www.facebook.com/pages/category/Hotel-Resort/Blue-Horizon-Hotel-Rhodes-2214997365264999/,https://www.facebook.com/pages/category/Beach/Ristorante-Lido-Le-Sirene-168615223205152/,,,,,,,,
Ipsos,Marilena Sea View Hotel,,https://marilenahotel.com/,,https://www.facebook.com/marilenastudios.dassia.corfu/,https://www.facebook.com/Captains-Apartment-Hotel-Barbati-Corfu-102650603231896/,https://www.facebook.com/Luangia-Rents-Car-Hire-Corfu-192515764102622/,https://www.facebook.com/livadinafsika/,https://www.facebook.com/onarcorfu/,https://www.facebook.com/corfuboathire/,https://www.facebook.com/dassiabeachcorfuholidays/,,,
Ixia,Dionysos Hotel,,https://www.dionysos-hotel.gr/,,https://www.facebook.com/pages/category/Hotel-Resort/Dionysos-Hotel-Rodos-294312057799424/,https://www.facebook.com/pages/category/Beach-Resort/Nathalie-Hotel-286384314798448/,https://www.facebook.com/LaMarquiseResortRhodes/,https://www.facebook.com/Nathalie-Hotel-286384314798448/,https://www.facebook.com/rhodoshorizoncity/,,,,,
Kallithea,Hotel Kalithea Horizon Royal,,https://www.kalitheahorizon.gr/,https://www.facebook.com/Kalitheahorizon/,https://www.facebook.com/Kalitheahorizon/,https://www.facebook.com/rhodoshorizonresort/,https://www.facebook.com/vakantie.rhodos/,https://www.facebook.com/Kalitheasun/,https://www.facebook.com/KalitheaMare/,,,,,
Kallithea,Hotel La Marquise Luxury Resort Complex,,https://www.lamarquise.gr/el/,https://www.facebook.com/LaMarquiseResortRhodes,https://www.facebook.com/LaMarquiseResortRhodes/,https://www.facebook.com/inselrhodos/,https://www.facebook.com/justTenor/,,,,,,,
Kallithea,Hotel Kalithea Mare Palace,,https://www.kalitheamare.gr/,https://www.facebook.com/KalitheaMare/,https://www.facebook.com/KalitheaMare/,https://www.facebook.com/Kalitheahorizon/,https://www.facebook.com/Kalitheasun/,https://www.facebook.com/amiliamarerhodes/,https://www.facebook.com/rhodoshorizonresort/,,,,,
Kallithea,Hotel Esperides Beach/Family Resort,,https://www.esperiagroup.gr/en/,https://www.facebook.com/esperiagroup/,https://www.facebook.com/esperiagroup/,https://www.facebook.com/Naias-Beach-Hotel-386713491437996/,https://www.facebook.com/eloundahotelselena/,,,,,,,
Kamari,Hotel Glaros,,https://www.glaros-santorini.com/,https://www.facebook.com/GlarosHotelRestaurantSantorini/,https://www.facebook.com/pages/category/Hotel/Andreas-Hotel-Kamari-1789658294627002/,https://www.facebook.com/pages/category/Restaurant/Kamari-Boat-House-Restaurant-431056203668211/,https://www.facebook.com/GrandViewSantorini/,https://www.facebook.com/connysyogaworld/,https://www.facebook.com/Thalassa-Suites-Karpathos-201156953347430/,,,,,
Kardamena,Mitsis Norida Beach Hotel,mitsishotels,https://www.mitsishotels.com/,https://www.facebook.com/mitsishotels/,https://www.facebook.com/mitsisnoridahotel/,https://www.facebook.com/mitsisfamilyvillage/,https://www.facebook.com/theclubzonekos/,,,,,,,
Kardamena,Mitsis Family Village Beach Hotel,mitsishotels,https://www.mitsishotels.com/,https://www.facebook.com/mitsishotels/,https://www.facebook.com/mitsisfamilyvillage/,https://www.facebook.com/mitsisnoridahotel/,https://www.facebook.com/AegeanVillageHotelKosIslandGreece/,,,,,,,
Kardamena,Mitsis Blue Domes Exclusive Resort & Spa,mitsishotels,https://www.mitsishotels.com/en/hotels/blue-domes,https://www.facebook.com/mitsishotels/,https://www.facebook.com/mitsisbluedomesresort/,https://www.facebook.com/mitsisbluedomeswatersports/,https://www.facebook.com/mitsisfamilyvillage/,https://www.facebook.com/mitsisnoridahotel/,https://www.facebook.com/pages/category/Sports---Recreation-Venue/Kardamena-Watersports-Center-177779952396543/,https://www.facebook.com/theclubzonekos/,,,,
Kardamena,Grand Blue Beach Hotel,,https://www.grandbluehotel.gr/,https://www.facebook.com/GrandBlueBeachHotel,https://www.facebook.com/GrandBlueBeachHotel/,https://www.facebook.com/KalimeraElladaTravel/,https://www.facebook.com/gltravellounge/,https://www.facebook.com/koulliasgroup/,,,,,,
Kardamena,Hotel Akti Beach Club,AktiClub,https://aktibeachclub.gr/,https://www.facebook.com/AktiBeachClub,https://www.facebook.com/AktiBeachClub/,https://www.facebook.com/pages/category/Community/Akti-Beach-Club-Fan-134138420464617/,https://www.facebook.com/elitoursplzen/,https://www.facebook.com/pages/category/Sports---Recreation-Venue/Kardamena-Watersports-Center-177779952396543/,,,,,,
Kiotari,Hotel Rodos/Rhodos Princess Beach,,https://www.rodosprincess.com/,https://www.facebook.com/RodosPrincessBeachHotel,https://www.facebook.com/RodosPrincessBeachHotel/,https://www.facebook.com/rodosprincessateam/,https://www.facebook.com/Princess-Adrianna-Rhodos--383761345010516/,https://www.facebook.com/PrincessAndrianaResortSpa/,https://www.facebook.com/Princess-Sun-Hotel-182700811741146/,https://www.facebook.com/Lindos-Princess-A-Team-1523102034578461/,https://www.facebook.com/boutique5hotel/,https://www.facebook.com/WatersportsKiotari/,,
Kiotari,Princess Andriana Resort & Spa,,https://www.princessandriana.com/,https://www.facebook.com/PrincessAndrianaResortSpa,https://www.facebook.com/PrincessAndrianaResortSpa/,https://www.facebook.com/Princess-Adrianna-Rhodos--383761345010516/,https://www.facebook.com/PrincessAndrianaAnimationTeam/,https://www.facebook.com/boutique5hotel/,,,,,,
Kiotari,Hotel Mitsis Rhodos Village & Bungalow,mitsishotels,https://www.mitsishotels.com/,https://www.facebook.com/mitsishotels/,https://www.facebook.com/mitsisrodosvillagehotel/,https://www.facebook.com/edenroc/,https://www.facebook.com/MitsisRodosMaris/,https://www.facebook.com/mitsispetitpalais/,https://www.facebook.com/mitsislindosmemories/,https://www.facebook.com/malibuboutiquestudios/,https://www.facebook.com/TheIxianGrand.IxianAllSuites/,https://www.facebook.com/lydiamarishotel/,,
Kiotari,Ekaterini Hotel,,https://ekaterini-hotel.com/,https://www.facebook.com/groups/ekaterinihotel/,https://www.facebook.com/ekaterinihotel.kiotari.rhodes/,https://www.facebook.com/conciergevienna/,https://www.facebook.com/Limnionas-Bay-Village-134258326774423/,https://www.facebook.com/biuropodrozykatowice/,https://www.facebook.com/traveliadakozieglowy/,,,,,
Kokkini Hani,Mitsis Rinela Beach Resort & Spa,mitsishotels,https://www.mitsishotels.com/,https://www.facebook.com/mitsishotels/,https://www.facebook.com/Mitsisrinelabeach/,https://www.facebook.com/RealBlueseaHolidays/,https://www.facebook.com/themisbeachhotel/,,,,,,,
Kolymbia,Delfinia Resort,,https://delfiniaresort.com/el/,https://www.facebook.com/DelfiniaResortHotel/,https://www.facebook.com/DelfiniaResortHotel/,https://www.facebook.com/pages/category/Hotel/Villa-Mare-by-Delfinia-Resort-Hotel-729413277180674/,https://www.facebook.com/AlfaBeachHotel/,https://www.facebook.com/Atlantica-Mikri-Poli-Crete-480387682385634/,https://www.facebook.com/pages/category/Community/Akti-Beach-Club-Fan-134138420464617/,https://www.facebook.com/tmtravel.eu/,,,,
Kolymbia,Irene Palace Beach Resort,irenepalace,https://www.irenepalace.gr/,https://www.facebook.com/irenepalace.gr/,https://www.facebook.com/irenepalace.gr/,https://www.facebook.com/AlfaBeachHotel/,https://www.facebook.com/CK.FIFO/,https://www.facebook.com/alohatour.sk/,https://www.facebook.com/tobytours.sk/,https://www.facebook.com/SLUZBYtrencianskaTEPLA/,https://www.facebook.com/fridmis/,,,
Kolymbia,Niriides Hotel,,https://www.niriidesbeach-hotel.com/,https://www.facebook.com/pages/Niriides-Hotel-Rhodes/387787871289547,https://www.facebook.com/pages/category/Hotel-Resort/Niriides-Beach-Hotel-Kolymbia-1030130080451852/,https://www.facebook.com/Georgia-Apartments-Afandou-Rhodes-716691695034407/,https://www.facebook.com/lotus.ivanka/,,,,,,,
Kolymbia,Hotel Relax,,https://www.relaxhotel.gr/,https://www.facebook.com/relaxhotelrho/,https://www.facebook.com/relaxhotelrho/,https://www.facebook.com/leonardokolymbiaresort/,https://www.facebook.com/kolymbiabayart/,https://www.facebook.com/ApartmentsElefteria/,https://www.facebook.com/AlfaBeachHotel/,,,,,
Kyllini,ROBINSON Club Kyllini Beach,ROBINSON,https://www.robinson.com/en/en/home/,https://www.facebook.com/RobinsonClubResorts/?brand_redir=138382879511564,https://www.facebook.com/robinson.kyllinibeach/,,,,,,,,,
Lardos,Lindos Princess Beach Hotel,,https://www.lindosprincess.com/,https://www.facebook.com/LindosPrincess/,https://www.facebook.com/pages/category/Travel-Company/Lindos-Princess-A-Team-1523102034578461/,https://www.facebook.com/LindosPrincess/,https://www.facebook.com/Lindos-Princess-A-Team-1523102034578461/,https://www.facebook.com/LindosPrincessEscaperooms/,,,,,,
Ligaria,CHC Athina Palace Resort & Spa,,https://www.athinapalace.com.gr/,,https://www.facebook.com/pages/category/Tour-Agency/Sky-travel-367690686663241/,https://www.facebook.com/Sky-travel-367690686663241/,,,,,,,,
Lindos,Lindos White Hotel & Suites,,https://lindoswhite.gr/,https://www.facebook.com/LindosWhiteHotelandSuites,https://www.facebook.com/LindosWhiteHotelandSuites/,https://www.facebook.com/lindoswhitehotel/,https://www.facebook.com/ElectraPalaceResortRhodes/,https://www.facebook.com/lindosbluhotel/,https://www.facebook.com/aphroditelindos/,https://www.facebook.com/TheaVillasLindos/,,,,
Malia,Hotel Malia Bay,,http://www.maliabay.gr/,https://www.facebook.com/MaliaBayBeachHotel,https://www.facebook.com/MaliaBayBeachHotel/,https://www.facebook.com/GoldenBay/,https://www.facebook.com/HighBeach/,https://www.facebook.com/SunVillage-Hotel-151220041588042/,https://www.facebook.com/yiannismanosmalia/,https://www.facebook.com/vergashotel/,https://www.facebook.com/pages/category/Hotel/Icandy-apts-malia-1683245991922391/,https://www.facebook.com/maliayachting/,https://www.facebook.com/24sevenhotel/,https://www.facebook.com/PYRGOSBEACHOTEL/
Malia,Ikaros Beach Luxury Resort & Spa,,https://www.ikarosvillage.gr/,https://www.facebook.com/IkarosBeachResortSpa,https://www.facebook.com/IkarosBeachResortSpa/,https://www.facebook.com/kalimerakritihotelandvillageresort/,https://www.facebook.com/directnmarental.gr/,https://www.facebook.com/KosherLuxuryTravel/,,,,,,
Malia,Hotel Meropi,,https://www.meropihotel.gr/,https://www.facebook.com/MeropiHotelApartments/,https://www.facebook.com/MEROPIAQUA/,https://www.facebook.com/drossiapalms/,https://www.facebook.com/horizonbeachhotelstalis/,https://www.facebook.com/Anaxos-Lesvos-Greece-508093949282051/,,,,,,
Marmari,Hotel Palladium,,https://www.hotelpalladiumkos.gr/?page=home&lg_id=3,https://www.facebook.com/palladiumkos/,https://www.facebook.com/palladiumkos/,https://www.facebook.com/BouradanisVillageHotel/,https://www.facebook.com/Boutiquehotelmarcopolo/,https://www.facebook.com/pages/category/Jewelry---Watches-Store/Palladium-Jewellery-1390528207827300/,https://www.facebook.com/greennaturediamond/,https://www.facebook.com/pages/category/Travel-Agency/Plush-Holidays-100588864840201/,,,,
Marmari,Caravia Beach Hotel & Bungalows,Caravia_Beach,https://caraviabeach.gr/en/,https://www.facebook.com/caraviahotel,https://www.facebook.com/caraviahotel/,https://www.facebook.com/watersportkos/,https://www.facebook.com/KalimeraElladaTravel/,https://www.facebook.com/pages/category/Beach-Resort/Princess-Of-Kos-153917664679819/,,,,,,
Marmari,Hotel Sandy Beach,SandyHotelKos,https://hotelsandy.com/,,https://www.facebook.com/pages/category/Hotel-Resort/Sandy-Beach-Family-Suites-Kos-670554533095915/,https://www.facebook.com/marmaribayhotel/,https://www.facebook.com/MarmariWindsurfing/,https://www.facebook.com/pages/category/Recreation---Sports-Website/Marmari-Kos-1913355275649869/,https://www.facebook.com/AtlantisHotelKos/,,,,,
Mastichari,Hotel Princess of Kos,SmyHotels,https://www.smyprincessofkos.com/,https://www.facebook.com/SmyPrincessofKos,https://www.facebook.com/SmyPrincessofKos/,https://www.facebook.com/pages/category/Beach-Resort/Princess-Of-Kos-153917664679819/,https://www.facebook.com/HorizonBeachResort/,https://www.facebook.com/NeptuneHotelsKos/,https://www.facebook.com/AtlantisHotelKos/,https://www.facebook.com/AchilleasBeachHotel/,,,,
Mastichari,TUI MAGIC LIFE Marmari Palace by Atlantica,,https://www.magiclife.com/en/en/resort-holiday/greece/marmari-palace/resort-details/,https://www.facebook.com/tuimagiclife,https://www.facebook.com/TUIMAGICLIFEMarmariPalace/,https://www.facebook.com/travelstylers/,,,,,,,,
Mastichari,Hotel Horizon Beach Resort,HorizonKos,https://horizonbeachresort.gr/,https://www.facebook.com/HorizonBeachResort,https://www.facebook.com/HorizonBeachResort/,https://www.facebook.com/horizonsurfingcenter/,https://www.facebook.com/pages/category/Travel-Agency/Travelplan-915479831797635/,https://www.facebook.com/olasport/,https://www.facebook.com/NeptuneHotelsKos/,,,,,
Matala,Matala Valley Village,,https://www.valleyvillage.gr/,https://www.facebook.com/matala.valley.village/,https://www.facebook.com/matala.valley.village/,https://www.facebook.com/CrossinVibes/,https://www.facebook.com/HorsefarmMelanouri/,https://www.facebook.com/pages/category/Vacation-Home-Rental/Apartments-Xenophon-Matala-819926451370212/,https://www.facebook.com/pages/category/Lodge/Matalatala-Wildlife-Lodge-904518146282899/,,,,,
Mparmpati,Hotel Nautilus Barbati,,https://www.corfuholiday.gr/,,https://www.facebook.com/locandacorfu/,https://www.facebook.com/pages/category/Hotel/Glyfa-Beach-Villas-613810542422053/,,,,,,,,
Nafplio,Hotel Victoria,,https://hotelvictoria.gr/en/,,https://www.facebook.com/hotelvictorianafplio/,https://www.facebook.com/greektaxigreece/,https://www.facebook.com/hotelcrocedimaltaflorence/,https://www.facebook.com/porterforhotels/,https://www.facebook.com/AMATravel/,https://www.facebook.com/kristinasuites/,,,,
Nea Potidea,Hotel Istion Club & Spa,,https://istionclub.gr/,,,,,,,,,,,
Nikiti,Hotel Xenios Zeus,,https://www.xenioshotel.gr/,https://www.facebook.com/Xenios-242633375833,https://www.facebook.com/pages/category/Hotel/Xenios-242633375833/,https://www.facebook.com/soniashouse.gr/,https://www.facebook.com/ivishousekavala/,https://www.facebook.com/travelplanetMD/,,,,,,
Paleochora,Hotel Sandy Beach,,https://sandy-beach.gr/,,https://www.facebook.com/IOSPALEOCHORA/,https://www.facebook.com/roulapaleochora/,https://www.facebook.com/Palaiochora/,https://www.facebook.com/paleochorabeachapartment/,https://www.facebook.com/SifisStudios/,,,,,
Paradeísion,Vallian Village Hotel,,https://www.vallianvillage.gr/,https://www.facebook.com/VallianVillageHotel/,,,,,,,,,,
Pefkochori,Hotel Atrium,AtriumHotels,https://www.atrium.gr/,https://www.facebook.com/AtriumPalace/,https://www.facebook.com/AtriumHotelChalkidiki/,https://www.facebook.com/planettravelmkd.planettravelmkd/,https://www.facebook.com/dimitrisestate/,https://www.facebook.com/planettravel.com.mk/,https://www.facebook.com/pages/category/Shopping---Retail/LsMaD-739132212846305/,,,,,
Pefkochori,Hotel Alia Palace,,https://www.alia-palace.com/,https://www.facebook.com/AliaPalaceLuxuryHotelVillas,https://www.facebook.com/AliaPalaceLuxuryHotelVillas/,https://www.facebook.com/hesperidespefkochori/,https://www.facebook.com/planettravelmkd.planettravelmkd/,https://www.facebook.com/DerpartDinslaken/,,,,,,
Plakias,Hotel Alianthos Garden,alianthosgarden,https://www.hotelalianthos.com/,https://www.facebook.com/AlianthosGardenHotel/,https://www.facebook.com/pages/category/Hotel/Alianthos-Garden-Hotel-155332094499254/,https://www.facebook.com/AlianthosGardenHotel/,https://www.facebook.com/alianthosbeachhotel/,https://www.facebook.com/alianthosbeachplakias/,,,,,,
Plakias,Sofia Hotel,,https://www.sofiahotelplakias.com/,,https://www.facebook.com/castelloplakias/,https://www.facebook.com/vrisirestaurant/,https://www.facebook.com/michaelaapartment/,https://www.facebook.com/staviohouses/,,,,,,
Platanes,Nefeli Hotel,,https://nefeli-hotel.gr/,https://www.facebook.com/NefeliHotel,https://www.facebook.com/PlataniasMare/,https://www.facebook.com/Platanes.Crete/,https://www.facebook.com/NefeliHotel/,https://www.facebook.com/pages/category/Hotel-Resort/Caldera-Group-Of-Hotels-180731775465648/,https://www.facebook.com/Filoxeniachania/,https://www.facebook.com/pages/category/Food---Beverage-Company/Nefeli-Mediterranean-Specialties-414250801967958/,https://www.facebook.com/Villa-Nefeli-Corfu-Kerkyra-147722901959316/,https://www.facebook.com/roomsnefeli/,https://www.facebook.com/Villa.Maraki.Skiathos/,
Platanias,Rethymno Village,,https://www.rethymnovillage.gr/,https://www.facebook.com/RethymnoVillageHotel,https://www.facebook.com/RethymnoVillageHotel/,https://www.facebook.com/kalypsohotel/,https://www.facebook.com/rethymnotaxi/,https://www.facebook.com/elena.pelagiavillas/,,,,,,
Plimmiri,TUI MAGIC LIFE Plimmiri,,https://www.magiclife.com/en/en/home/,https://www.facebook.com/tuimagiclife,https://www.facebook.com/magiclifeplimmiribyatlantica/,https://www.facebook.com/teensclubTMLplimmiri/,https://www.facebook.com/Magic-Life-Plimmiri-Watersports-245547725804368/,,,,,,,
Psalidi,SENSIMAR Oceanis Beach & Spa Resort,OceanisKos,https://www.oceanis-hotel.gr/,https://www.facebook.com/oceanisresort/?ref=page_internal,https://www.facebook.com/oceanisresort/,,,,,,,,,
Rethymno,Hotel Odyssia Beach,,https://odyssia.gr/,https://www.facebook.com/OdyssiaBeach,https://www.facebook.com/NoraPavl/,https://www.facebook.com/OmirosBoutiqueHotel/,https://www.facebook.com/tangoshoesboutique/?ref=py_c&__xts__=68.ARCJgB1h-CkSj5vUYRGgv9TAe0nl30-4ZvWNeW0mKTk1gRWwX592PIkDmxcHddi5WXV-Yz3Tiq8ZLJeSKBOOLwPKDXFOcV5QiAxidXWeHarnTZYagcg_vgwHpYIuEDQgNHfappAcAyz2Ci5PbKM_6WBDU9QPngqHDfz3703d5hnXd1oySldblXqBFAlQue_F3rvNKshqJLTH00dHITXM7OMxabfRWf2LXi7YoJ_EyNSHf2gC7BjanZRgYwDyraBYCSYqJv0YlACEUAXddxSLYn5_M0lhTFszcJy1qItBeGQaZj3pP8JuqMfAj3YV_ocDu8MSmpYYio0hflS03U71RYo1,https://www.facebook.com/CandiaMarisResort/,https://www.facebook.com/irinireth/,,,,,
Rethymno,SENTIDO Aegean Pearl,PearlHotels,https://pearlhotels.gr/aegean-pearl-5star-hotel-in-rethymno/,https://www.facebook.com/SentidoAegeanPearl/?ref=hl,https://www.facebook.com/SentidoAegeanPearl/,https://www.facebook.com/SentidoPearlBeach/,https://www.facebook.com/SENTIDOhotels/,,,,,,,
Rhodos,smartline Semiramis,,https://www.semiramis.gr/,https://www.facebook.com/Semiramis.cityhotel,https://www.facebook.com/smartlinetravelhungary/,https://www.facebook.com/DataSystemss/,,,,,,,,
Rhodos,Rhodos Horizon Resort,,https://rhodoshorizon.gr/,https://www.facebook.com/rhodoshorizonresort,https://www.facebook.com/rhodoshorizonresort/,https://www.facebook.com/RhodosHorizonBlu/,https://www.facebook.com/rhodoshorizoncity/,https://www.facebook.com/NookRhodos/,https://www.facebook.com/pages/category/Car-Rental/Colossos-rent-a-car-Rhodes-Town-173010896170520/,https://www.facebook.com/pages/category/Hotel-Resort/Blue-Horizon-Hotel-Rhodes-2214997365264999/,,,,
Roda,Hotel Angela Beach,,https://angelabeachcorfu.com/el/,,https://www.facebook.com/IonianBlue.BoatRentals.BoatTrips/,https://www.facebook.com/pages/category/Hotel-Resort/Robolla-Beach-Aparthotel-147161894583/,https://www.facebook.com/RodaPearlResort/,https://www.facebook.com/pegasushotelcorfu/,https://www.facebook.com/RodaBeachResort/,https://www.facebook.com/RodaBeachCamping/,https://www.facebook.com/NSKArrowTravel/,https://www.facebook.com/ninosonthebeachhotel/,https://www.facebook.com/ERIVA-HOTEL-192226922032/,
Roda,Angela Beach Apartments Superior,,https://angelabeachcorfu.com/apartments-angela-beach-corfu/,,https://www.facebook.com/pages/category/Hotel-Resort/Robolla-Beach-Aparthotel-147161894583/,https://www.facebook.com/summerhousecle/,,,,,,,,
Sani,Sani Beach,sani_resort,https://www.sani-resort.com/el_GR/our-hotels/sani-beach-hotel,https://www.facebook.com/saniresort,https://www.facebook.com/saniresort/,https://www.facebook.com/AnemosBeachbar/,https://www.facebook.com/Kasimis-Hotel-at-Sani-1339649029446101/?ref=py_c,https://www.facebook.com/SaniBeachGalleryVilla/,https://www.facebook.com/AriadniVillaSani/,,,,,
Sisi,Maritimo Beach Hotel,,https://maritimo.gr/,,https://www.facebook.com/maritimobeach/,https://www.facebook.com/pages/category/Personal-Blog/Vivien-Oetelshoven-290002348589896/,https://www.facebook.com/pages/category/Tour-Agency/Si-Si-Caribe-463596451050456/,https://www.facebook.com/cooeehotels/,https://www.facebook.com/pages/category/Hotel-Resort/H%C3%B4tel-Samira-Club-115241063360954/,https://www.facebook.com/SunSearchHolidays/,,,,
Stalis,Eurohotel Katrin Suites,,https://www.katrinsuites.gr/,https://www.facebook.com/katrinsuites,https://www.facebook.com/katrinsuites/,https://www.facebook.com/katrinhotel/,https://www.facebook.com/eurohotelgroup/,https://www.facebook.com/arionpalacehotelcrete/,,,,,,
Stalis,Hotel Marlena,,https://www.marlenahotel.gr/,,,,,,,,,,,
Stalis,SENTIDO Blue Sea Beach,,https://www.zeushotels.gr/index.html,https://www.facebook.com/zeushotels,https://www.facebook.com/ZeushotelsSeaBeach/,https://www.facebook.com/zeushotels/,https://www.facebook.com/vasiahotels.gr/,https://www.facebook.com/TUIBLUE.eloundavillage/,https://www.facebook.com/clubbluewhite/,https://www.facebook.com/diereisewelt.de/,https://www.facebook.com/viscounttravel/,,,
Stalis,Sergiani Garden Apartments,sergianistalis,https://sergiani.gr/,https://www.facebook.com/sergianistalis/,https://www.facebook.com/panoramahotelstalis/,https://www.facebook.com/MaliaProject/,https://www.facebook.com/Sweettimestalis/,https://www.facebook.com/lichnosrestaurant/,https://www.facebook.com/seaforsun/,https://www.facebook.com/atriumkoutouloufari/,https://www.facebook.com/gennadisunapts/,,,
Stalis,Eurohotel Katrin Hotel & Bungalows,Katrinhotel,https://katrin-hotel.gr/en/,https://www.facebook.com/katrinhotel/,https://www.facebook.com/katrinhotel/,https://www.facebook.com/katrinsuites/,https://www.facebook.com/eurohotelgroup/,https://www.facebook.com/arionpalacehotelcrete/,https://www.facebook.com/azuremare/,https://www.facebook.com/EasyAuto.gr/,,,,
Tigaki,Hotel Gaia Village,Gaia_Village,https://www.gaia-hotels.com/gaia-village-hotel.html,https://www.facebook.com/GaiaVillage,https://www.facebook.com/GaiaVillage/,https://www.facebook.com/GaiaInStyle/,https://www.facebook.com/islandkos/,https://www.facebook.com/pages/category/Tour-Agency/FRESCO-TRAVEL-309127522472731/,https://www.facebook.com/efesosbeachhotel/,https://www.facebook.com/AchilleasBeachHotel/,,,,
Tigaki,Hotel Gaia In Style,,https://www.gaia-hotels.com/gaia-instyle-hotel.html,https://www.facebook.com/GaiaVillage,https://www.facebook.com/GaiaInStyle/,https://www.facebook.com/GaiaVillage/,https://www.facebook.com/harmonycrestresort/,https://www.facebook.com/cestovniagenturamax/,https://www.facebook.com/efesosbeachhotel/,https://www.facebook.com/concepthotelmanagement/,,,,
Tigaki,Hotel Tigaki’s Star,TigakisStar,https://www.tigakisstar.gr/,https://www.facebook.com/Tigakis-Star-Hotel-36712922891/,https://www.facebook.com/GaiaVillage/,https://www.facebook.com/AstirOdysseus/,https://www.facebook.com/pages/category/Hotel-Resort/Angela-Suites-Tingaki-1299379683531104/,,,,,,,
