ΔΗΜΟΣ;ΚΑΤΗΓΟΡΙΑ;ΑΝΤΙΚΕΙΜΕΝΟ;ΠΕΡΙΟΧΗ;ΣΗΜΕΙΟ ΕΝΔΙΑΦΕΡΟΝΤΟΣ
ΓΑΥΔΟΥ;ΙΣΤΟΡΙΑ;ΑΡΧΑΙΟΛΟΓΙΚΑ ΜΝΗΜΕΙΑ;ΓΑΥΔΟΥ;ΜΙΝΩΙΚΗ ΒΙΛΛΑ
ΓΑΥΔΟΥ;ΙΣΤΟΡΙΑ;ΑΡΧΑΙΟΛΟΓΙΚΑ ΜΝΗΜΕΙΑ;ΓΑΥΔΟΥ;ΡΩΜΑΪΚΟ ΕΛΑΙΟΤΡΙΒΕΙΟ
ΓΑΥΔΟΥ;ΙΣΤΟΡΙΑ;ΑΡΧΑΙΟΛΟΓΙΚΑ ΜΝΗΜΕΙΑ;ΓΑΥΔΟΥ;ΡΩΜΑΪΚΟ ΥΔΡΑΓΩΓΕΙΟ
ΓΑΥΔΟΥ;ΙΣΤΟΡΙΑ;ΑΡΧΑΙΟΛΟΓΙΚΑ ΜΝΗΜΕΙΑ;ΓΑΥΔΟΥ;ΔΥΟ ΜΙΝΩΪΚΟΙ ΤΑΦΟΙ
ΚΑΝΔΑΝΟΥ- ΣΕΛΙΝΟΥ;ΙΣΤΟΡΙΑ;ΑΡΧΑΙΟΛΟΓΙΚΑ ΜΝΗΜΕΙΑ; -;ΕΛΥΡΟΣ
ΚΑΝΔΑΝΟΥ- ΣΕΛΙΝΟΥ;ΙΣΤΟΡΙΑ;ΑΡΧΑΙΟΛΟΓΙΚΑ ΜΝΗΜΕΙΑ; -;ΥΡΤΑΚΙΝΑ
ΚΑΝΔΑΝΟΥ- ΣΕΛΙΝΟΥ;ΙΣΤΟΡΙΑ;ΑΡΧΑΙΟΛΟΓΙΚΑ ΜΝΗΜΕΙΑ; -;ΠΟΙΚΙΛΑΣΣΟΣ
ΚΑΝΔΑΝΟΥ- ΣΕΛΙΝΟΥ;ΙΣΤΟΡΙΑ;ΑΡΧΑΙΟΛΟΓΙΚΑ ΜΝΗΜΕΙΑ; -;ΣΥΙΑ
ΚΙΣΑΜΟΥ;ΙΣΤΟΡΙΑ;ΑΡΧΑΙΟΛΟΓΙΚΑ ΜΝΗΜΕΙΑ;0;Βίλα Τρεβιζάν στο Δραπανια 
ΚΙΣΑΜΟΥ;ΙΣΤΟΡΙΑ;ΑΡΧΑΙΟΛΟΓΙΚΑ ΜΝΗΜΕΙΑ;0;κάστρο Γραμβουσας
ΚΙΣΑΜΟΥ;ΙΣΤΟΡΙΑ;ΑΡΧΑΙΟΛΟΓΙΚΑ ΜΝΗΜΕΙΑ;0;Ροτόντα Καλαθενες
ΚΙΣΑΜΟΥ;ΙΣΤΟΡΙΑ;ΑΡΧΑΙΟΛΟΓΙΚΑ ΜΝΗΜΕΙΑ;0;πύργος Καλεργων στο Κεφάλι
ΚΙΣΑΜΟΥ;ΙΣΤΟΡΙΑ;ΑΡΧΑΙΟΛΟΓΙΚΑ ΜΝΗΜΕΙΑ;0;Σελί ακροπόλεις 
ΚΙΣΑΜΟΥ;ΙΣΤΟΡΙΑ;ΑΡΧΑΙΟΛΟΓΙΚΑ ΜΝΗΜΕΙΑ;0;Κισσαμος τάφοι
ΚΙΣΑΜΟΥ;ΙΣΤΟΡΙΑ;ΑΡΧΑΙΟΛΟΓΙΚΑ ΜΝΗΜΕΙΑ;0;Τοπολια σπηλια
ΠΛΑΤΑΝΙΑ;ΙΣΤΟΡΙΑ;ΑΡΧΑΙΟΛΟΓΙΚΑ ΜΝΗΜΕΙΑ;Δ.Ε. ΚΟΛΥΜΒΑΡΙΟΥ;Αρχαία Δίκτυννα
ΠΛΑΤΑΝΙΑ;ΙΣΤΟΡΙΑ;ΑΡΧΑΙΟΛΟΓΙΚΑ ΜΝΗΜΕΙΑ;Δ.Ε. ΠΛΑΤΑΝΙΑ;Υστερομινωικός τάφος στο Μάλεμε
ΣΦΑΚΙΩΝ;ΙΣΤΟΡΙΑ;ΑΡΧΑΙΟΛΟΓΙΚΑ ΜΝΗΜΕΙΑ;ΑΓΙΟΣ ΙΩΑΝΝΗΣ;ΑΡΧΑΙΟ ΥΔΡΑΓΩΓΕΙΟ ΑΡΑΔΑΙΝΑΣ ΚΑΙ ΕΥΡΥΤΕΡΗ ΠΕΡΙΟΧΗ ΑΡΑΔΑΙΝΑΣ
ΣΦΑΚΙΩΝ;ΙΣΤΟΡΙΑ;ΑΡΧΑΙΟΛΟΓΙΚΑ ΜΝΗΜΕΙΑ;ΑΝΩΠΟΛΗ;ΚΑΣΤΡΑΚΙ ΑΓΙΑΣ ΑΙΚΑΤΕΡΙΝΗΣ 
ΣΦΑΚΙΩΝ;ΙΣΤΟΡΙΑ;ΑΡΧΑΙΟΛΟΓΙΚΑ ΜΝΗΜΕΙΑ;ΑΝΩΠΟΛΗ;ΑΡΧΑΙΑ ΠΟΛΗ ΦΟΙΝΙΚΑ
ΚΑΝΔΑΝΟΥ- ΣΕΛΙΝΟΥ;ΙΣΤΟΡΙΑ;ΕΚΔΗΛΩΣΕΙΣ & ΓΙΟΡΤΕΣ; -;ΔΙΕΘΝΕΣ ΣΚΑΚΙΣΤΙΚΟ ΤΟΥΡΝΟΥΑ ΠΑΛΑΙΟΧΩΡΑΣ
ΚΑΝΔΑΝΟΥ- ΣΕΛΙΝΟΥ;ΙΣΤΟΡΙΑ;ΕΚΔΗΛΩΣΕΙΣ & ΓΙΟΡΤΕΣ; -;ΟΛΟΚΑΥΤΩΜΑ ΚΑΝΤΑΝΟΥ 1-3 ΙΟΥΝΙΟΥ
ΚΑΝΔΑΝΟΥ- ΣΕΛΙΝΟΥ;ΙΣΤΟΡΙΑ;ΕΚΔΗΛΩΣΕΙΣ & ΓΙΟΡΤΕΣ; -;ΠΟΔΗΛΑΤΙΚΟΙ ΑΓΩΝΕΣ ΠΑΛΑΙΟΧΩΡΑΣ
ΚΑΝΔΑΝΟΥ- ΣΕΛΙΝΟΥ;ΙΣΤΟΡΙΑ;ΕΚΔΗΛΩΣΕΙΣ & ΓΙΟΡΤΕΣ; -;ΚΑΡΝΑΒΑΛΙ ΠΑΛΑΙΟΧΩΡΑΣ
ΑΠΟΚΟΡΩΝΟΥ;ΙΣΤΟΡΙΑ;ΕΚΚΛΗΣΙΕΣ;Καλύβες Ζούρμπος;εκκλησία Μεταμόρφωσης του Σωτήρος
ΑΠΟΚΟΡΩΝΟΥ;ΙΣΤΟΡΙΑ;ΕΚΚΛΗΣΙΕΣ;Καρές Αποκορώνου;πετρόκτιστη εκκλησία Αποστόλων Πέτρου & Παύλου
ΑΠΟΚΟΡΩΝΟΥ;ΙΣΤΟΡΙΑ;ΕΚΚΛΗΣΙΕΣ;Μαχαιροί;εκκλησία Αγ. Ιωάννη
ΑΠΟΚΟΡΩΝΟΥ;ΙΣΤΟΡΙΑ;ΕΚΚΛΗΣΙΕΣ;Αρμένοι;Αγ. Νικόλαος
ΑΠΟΚΟΡΩΝΟΥ;ΙΣΤΟΡΙΑ;ΕΚΚΛΗΣΙΕΣ;Αγ. Πάντες;εκκλησία Αγ. Πάντων
ΑΠΟΚΟΡΩΝΟΥ;ΙΣΤΟΡΙΑ;ΕΚΚΛΗΣΙΕΣ;Μελιδόνι;εκκλησία Προφήτη Ηλία
ΑΠΟΚΟΡΩΝΟΥ;ΙΣΤΟΡΙΑ;ΕΚΚΛΗΣΙΕΣ;Φρες;εκκλησία Παναγίας των βράχων
ΑΠΟΚΟΡΩΝΟΥ;ΙΣΤΟΡΙΑ;ΕΚΚΛΗΣΙΕΣ;Κεφαλάς;Εκκλησία Κοιμήσεως Θεοτόκου
ΑΠΟΚΟΡΩΝΟΥ;ΙΣΤΟΡΙΑ;ΕΚΚΛΗΣΙΕΣ;Κεφαλάς;ξωκλήσι Αγ. Φανουρίου (είσοδος χωριού)
ΑΠΟΚΟΡΩΝΟΥ;ΙΣΤΟΡΙΑ;ΕΚΚΛΗΣΙΕΣ;Νίπος;εκκλησία Τιμίου Σταυρού
ΑΠΟΚΟΡΩΝΟΥ;ΙΣΤΟΡΙΑ;ΕΚΚΛΗΣΙΕΣ;Καλαμίτσι Αμυγδάλι;Αγ. Ελεούσα
ΑΠΟΚΟΡΩΝΟΥ;ΙΣΤΟΡΙΑ;ΕΚΚΛΗΣΙΕΣ;Εξώπολη;εκκλησία Παναγίας & Αγ. Δημητρίου
ΑΠΟΚΟΡΩΝΟΥ;ΙΣΤΟΡΙΑ;ΕΚΚΛΗΣΙΕΣ;Μαθές;εκκλησία Αγ. Αντωνίου
ΑΠΟΚΟΡΩΝΟΥ;ΦΥΣΙΚΟ ΠΕΡΙΒΑΛΛΟΝ;ΔΑΣΟΣ;Δ.Ε. Βάμου;Δάσος Ρουπακιά (Ορπακιά)
ΑΠΟΚΟΡΩΝΟΥ;ΦΥΣΙΚΟ ΠΕΡΙΒΑΛΛΟΝ;ΔΑΣΟΣ;Κουρνάς & Κάστελλος;Δάσος Αζίλακα
ΑΠΟΚΟΡΩΝΟΥ;ΦΥΣΙΚΟ ΠΕΡΙΒΑΛΛΟΝ;ΠΟΤΑΜΙΑ;Εξώπολη;εκβολή ποταμού Βλυχάδα
ΑΠΟΚΟΡΩΝΟΥ;ΦΥΣΙΚΟ ΠΕΡΙΒΑΛΛΟΝ;ΦΥΣΙΚΑ ΜΝΗΜΕΙΑ;Σαμωνάς;αιωνόβια ελιά
ΑΠΟΚΟΡΩΝΟΥ;ΦΥΣΙΚΟ ΠΕΡΙΒΑΛΛΟΝ;;Κεφαλάς;Καταδυτικό Πάρκο Ομπρόσγιαλου
ΑΠΟΚΟΡΩΝΟΥ;ΦΥΣΙΚΟ ΠΕΡΙΒΑΛΛΟΝ;;Νίπος;πηγή Ραφιόλι
ΑΠΟΚΟΡΩΝΟΥ;ΙΣΤΟΡΙΑ;ΕΚΚΛΗΣΙΕΣ;Κουρνάς;εκκλησία Αγ. Γεωργίου
ΓΑΥΔΟΥ;ΙΣΤΟΡΙΑ;ΕΚΚΛΗΣΙΕΣ;ΓΑΥΔΟΥ;Αγ. Πάντες
ΓΑΥΔΟΥ;ΙΣΤΟΡΙΑ;ΕΚΚΛΗΣΙΕΣ;ΓΑΥΔΟΥ;Αη Γιώργης Κεδρέ
ΓΑΥΔΟΥ;ΙΣΤΟΡΙΑ;ΕΚΚΛΗΣΙΕΣ;ΓΑΥΔΟΥ;Αι Γιάννης
ΓΑΥΔΟΥ;ΙΣΤΟΡΙΑ;ΕΚΚΛΗΣΙΕΣ;ΓΑΥΔΟΥ;Αι Νικόλας
ΓΑΥΔΟΥ;ΙΣΤΟΡΙΑ;ΕΚΚΛΗΣΙΕΣ;ΓΑΥΔΟΥ;Άγιος Παντελεήμων
ΓΑΥΔΟΥ;ΙΣΤΟΡΙΑ;ΕΚΚΛΗΣΙΕΣ;ΓΑΥΔΟΥ;Τιμιος Σταυρός
ΓΑΥΔΟΥ;ΙΣΤΟΡΙΑ;ΕΚΚΛΗΣΙΕΣ;ΓΑΥΔΟΥ;Άγιος Αντώνιος
ΓΑΥΔΟΥ;ΙΣΤΟΡΙΑ;ΕΚΚΛΗΣΙΕΣ;ΓΑΥΔΟΥ;Αγία Τριάδα
ΓΑΥΔΟΥ;ΙΣΤΟΡΙΑ;ΕΚΚΛΗΣΙΕΣ;ΓΑΥΔΟΥ;Παναγία
ΓΑΥΔΟΥ;ΙΣΤΟΡΙΑ;ΕΚΚΛΗΣΙΕΣ;ΓΑΥΔΟΥ;Χριστός
ΓΑΥΔΟΥ;ΙΣΤΟΡΙΑ;ΕΚΚΛΗΣΙΕΣ;ΓΑΥΔΟΥ;Άγιος Παύλος
ΓΑΥΔΟΥ;ΙΣΤΟΡΙΑ;ΕΚΚΛΗΣΙΕΣ;ΓΑΥΔΟΥ;Άγιος Νεκτάριος
ΓΑΥΔΟΥ;ΙΣΤΟΡΙΑ;ΕΚΚΛΗΣΙΕΣ;ΓΑΥΔΟΥ;Άγιοι Πατέρες
ΓΑΥΔΟΥ;ΙΣΤΟΡΙΑ;ΕΚΚΛΗΣΙΕΣ;ΓΑΥΔΟΥ;Άγιος Γεώργιος ο μεθυστης
ΓΑΥΔΟΥ;ΙΣΤΟΡΙΑ;ΕΚΚΛΗΣΙΕΣ;ΓΑΥΔΟΥ;Άγιος Χαράλαμπος
ΓΑΥΔΟΥ;ΙΣΤΟΡΙΑ;ΕΚΚΛΗΣΙΕΣ;ΓΑΥΔΟΥ;Άγιος Μανώλης
ΚΑΝΔΑΝΟΥ- ΣΕΛΙΝΟΥ;ΙΣΤΟΡΙΑ;ΕΚΚΛΗΣΙΕΣ; -;ΑΓΙΑ ΠΑΡΑΣΚΕΥΗ ΒΟΥΤΑ
ΚΑΝΔΑΝΟΥ- ΣΕΛΙΝΟΥ;ΙΣΤΟΡΙΑ;ΕΚΚΛΗΣΙΕΣ; -;ΑΡΧ.ΜΙΧΑΗΛ ΣΑΡΑΚΗΝΑ
ΚΑΝΔΑΝΟΥ- ΣΕΛΙΝΟΥ;ΙΣΤΟΡΙΑ;ΕΚΚΛΗΣΙΕΣ; -;ΠΑΝΑΓΙΑ ΠΛΕΜΕΝΙΑΝΑ
ΚΑΝΔΑΝΟΥ- ΣΕΛΙΝΟΥ;ΙΣΤΟΡΙΑ;ΕΚΚΛΗΣΙΕΣ; -;ΧΡΙΣΤΟΣ ΠΛΕΜΕΝΙΑΝΑ
ΓΑΥΔΟΥ;ΛΟΙΠΑ;ΠΑΡΑΔΟΣΙΑΚΟΙ ΟΙΚΙΣΜΟΙ ;ΓΑΥΔΟΥ;Καστρί
ΓΑΥΔΟΥ;ΛΟΙΠΑ;ΠΑΡΑΔΟΣΙΑΚΟΙ ΟΙΚΙΣΜΟΙ ;ΓΑΥΔΟΥ;Άμπελος
ΓΑΥΔΟΥ;ΛΟΙΠΑ;ΠΑΡΑΔΟΣΙΑΚΟΙ ΟΙΚΙΣΜΟΙ ;ΓΑΥΔΟΥ; Βατσιανά  
ΚΑΝΔΑΝΟΥ- ΣΕΛΙΝΟΥ;ΙΣΤΟΡΙΑ;ΕΚΚΛΗΣΙΕΣ; -;ΜΥΡΤΙΔΙΩΤΙΣΑ ΣΤΗΝ ΚΑΝΔΑΝΟ
ΚΑΝΔΑΝΟΥ- ΣΕΛΙΝΟΥ;ΙΣΤΟΡΙΑ;ΕΚΚΛΗΣΙΕΣ; -;Μ.ΑΡΧΑΓΓΕΛΟΥ ΣΤΗΝ ΚΑΝΔΑΝΟ (ΚΑΒΑΛΑΡΙΑΝΑ)
ΓΑΥΔΟΥ;ΦΥΣΙΚΟ ΠΕΡΙΒΑΛΛΟΝ;ΜΕΤΟΧΙΑ;ΓΑΥΔΟΥ;38 ΜΕΤΟΧΙΑ
ΓΑΥΔΟΥ;ΦΥΣΙΚΟ ΠΕΡΙΒΑΛΛΟΝ;ΜΟΝΟΠΑΤΙΑ;ΓΑΥΔΟΥ;75 Χιλιομετρα
ΚΑΝΔΑΝΟΥ- ΣΕΛΙΝΟΥ;ΙΣΤΟΡΙΑ;ΕΚΚΛΗΣΙΕΣ;0;ΑΓΙΑ ΑΝΝΑ ΚΑΝΔΑΝΟΣ (ΑΝΙΣΑΡΑΚΙ)
ΚΑΝΔΑΝΟΥ- ΣΕΛΙΝΟΥ;ΙΣΤΟΡΙΑ;ΕΚΚΛΗΣΙΕΣ;0;ΧΡΙΣΤΟΣ ΤΕΜΕΝΙΑ
ΓΑΥΔΟΥ;ΦΥΣΙΚΟ ΠΕΡΙΒΑΛΛΟΝ;ΠΑΡΑΛΙΕΣ;ΓΑΥΔΟΥ;Σαρακηνικο
ΓΑΥΔΟΥ;ΦΥΣΙΚΟ ΠΕΡΙΒΑΛΛΟΝ;ΠΑΡΑΛΙΕΣ;ΓΑΥΔΟΥ;Αι Γιάννης
ΓΑΥΔΟΥ;ΦΥΣΙΚΟ ΠΕΡΙΒΑΛΛΟΝ;ΠΑΡΑΛΙΕΣ;ΓΑΥΔΟΥ;Λαυρακας
ΓΑΥΔΟΥ;ΦΥΣΙΚΟ ΠΕΡΙΒΑΛΛΟΝ;ΠΑΡΑΛΙΕΣ;ΓΑΥΔΟΥ;Στραβολιμνη
ΓΑΥΔΟΥ;ΦΥΣΙΚΟ ΠΕΡΙΒΑΛΛΟΝ;ΠΑΡΑΛΙΕΣ;ΓΑΥΔΟΥ;Πύργος
ΓΑΥΔΟΥ;ΦΥΣΙΚΟ ΠΕΡΙΒΑΛΛΟΝ;ΠΑΡΑΛΙΕΣ;ΓΑΥΔΟΥ;Ποταμός
ΓΑΥΔΟΥ;ΦΥΣΙΚΟ ΠΕΡΙΒΑΛΛΟΝ;ΠΑΡΑΛΙΕΣ;ΓΑΥΔΟΥ;Τρυπιτή
ΓΑΥΔΟΥ;ΦΥΣΙΚΟ ΠΕΡΙΒΑΛΛΟΝ;ΠΑΡΑΛΙΕΣ;ΓΑΥΔΟΥ;Λακούδι
ΓΑΥΔΟΥ;ΦΥΣΙΚΟ ΠΕΡΙΒΑΛΛΟΝ;ΠΑΡΑΛΙΕΣ;ΓΑΥΔΟΥ;Κορφος
ΓΑΥΔΟΥ;ΦΥΣΙΚΟ ΠΕΡΙΒΑΛΛΟΝ;ΠΕΡΙΟΧΕΣ - NATURA;ΓΑΥΔΟΥ;Ολόκληρο το νησί
ΓΑΥΔΟΥ;ΦΥΣΙΚΟ ΠΕΡΙΒΑΛΛΟΝ;ΠΟΔΗΛΑΤΙΚΕΣ ΔΙΑΔΡΟΜΕΣ;ΓΑΥΔΟΥ;90 χιλιόμετρα
ΓΑΥΔΟΥ;ΦΥΣΙΚΟ ΠΕΡΙΒΑΛΛΟΝ;ΠΟΤΑΜΙΑ;ΓΑΥΔΟΥ;Κεδρές
ΓΑΥΔΟΥ;ΦΥΣΙΚΟ ΠΕΡΙΒΑΛΛΟΝ;ΠΟΤΑΜΙΑ;ΓΑΥΔΟΥ;Φετιφέ
ΓΑΥΔΟΥ;ΦΥΣΙΚΟ ΠΕΡΙΒΑΛΛΟΝ;ΦΑΡΑΓΓΙΑ;ΓΑΥΔΟΥ;Τρυπιτή
ΓΑΥΔΟΥ;ΦΥΣΙΚΟ ΠΕΡΙΒΑΛΛΟΝ;ΦΑΡΑΓΓΙΑ;ΓΑΥΔΟΥ;Καστρί
ΓΑΥΔΟΥ;ΦΥΣΙΚΟ ΠΕΡΙΒΑΛΛΟΝ;ΦΑΡΑΓΓΙΑ;ΓΑΥΔΟΥ;Λαγκουφα 
ΓΑΥΔΟΥ;ΦΥΣΙΚΟ ΠΕΡΙΒΑΛΛΟΝ;ΦΑΡΑΓΓΙΑ;ΓΑΥΔΟΥ;Ποταμός 
ΚΑΝΔΑΝΟΥ- ΣΕΛΙΝΟΥ;ΙΣΤΟΡΙΑ;ΕΚΚΛΗΣΙΕΣ; -;ΑΓΙΟΣ ΠΑΝΤΕΛΕΗΜΟΝΑΣ - ΣΟΥΓΙΑ
ΚΙΣΑΜΟΥ;ΙΣΤΟΡΙΑ;ΕΚΚΛΗΣΙΕΣ;0;Αγ. Σπυρίδωνας πολιούχος,  
ΚΙΣΑΜΟΥ;ΙΣΤΟΡΙΑ;ΕΚΚΛΗΣΙΕΣ;0;Ευαγγελισμος της Θεοτόκου στη Κισσαμο
ΚΙΣΑΜΟΥ;ΙΣΤΟΡΙΑ;ΕΚΚΛΗΣΙΕΣ;0;Αγ. Ιωάννης Νταμιαλη
ΚΙΣΑΜΟΥ;ΙΣΤΟΡΙΑ;ΕΚΚΛΗΣΙΕΣ;0;Αγ. Σοφία Τοπολια
ΚΙΣΑΜΟΥ;ΙΣΤΟΡΙΑ;ΕΚΚΛΗΣΙΕΣ;0;Αγ. Βάρβαρα Λατζιανα
ΚΙΣΑΜΟΥ;ΙΣΤΟΡΙΑ;ΕΚΚΛΗΣΙΕΣ;0;Αγ. Γεώργιος Βάθη
ΚΙΣΑΜΟΥ;ΙΣΤΟΡΙΑ;ΕΚΚΛΗΣΙΕΣ;0;Παναγία κορυφής Βουλγάρω
ΚΙΣΑΜΟΥ;ΙΣΤΟΡΙΑ;ΕΚΚΛΗΣΙΕΣ;0;Αγ. Φώτης και Αγ. Παρασκευή Φαλασσαρνα
ΚΙΣΑΜΟΥ;ΙΣΤΟΡΙΑ;ΕΚΚΛΗΣΙΕΣ;0;όσιος Νικηφόρος ο λεπρός Σηρικαρι
ΚΙΣΑΜΟΥ;ΙΣΤΟΡΙΑ;ΕΚΚΛΗΣΙΕΣ;0;Αγ. Θεολόγος - Έλος
ΚΙΣΑΜΟΥ;ΙΣΤΟΡΙΑ;ΕΚΚΛΗΣΙΕΣ;0;Σωτήρας Χριστός - Κεφάλι
ΠΛΑΤΑΝΙΑ;ΙΣΤΟΡΙΑ;ΕΚΚΛΗΣΙΕΣ;Δ.Ε. ΚΟΛΥΜΒΑΡΙΟΥ;Άγιος Βασίλειος Γλώσσας (14οςαιώνας)
ΠΛΑΤΑΝΙΑ;ΙΣΤΟΡΙΑ;ΕΚΚΛΗΣΙΕΣ;Δ.Ε. ΚΟΛΥΜΒΑΡΙΟΥ;Ναός Αρχαγγέλου Μιχαήλ (Ροτόντα) Επισκοπής (6ος, 9ος, 12ος, 14οςαιώνας)
ΠΛΑΤΑΝΙΑ;ΙΣΤΟΡΙΑ;ΕΚΚΛΗΣΙΕΣ;Δ.Ε. ΚΟΛΥΜΒΑΡΙΟΥ;Άγιος Στέφανος Δρακόνας (14οςαιώνας)
ΠΛΑΤΑΝΙΑ;ΙΣΤΟΡΙΑ;ΕΚΚΛΗΣΙΕΣ;Δ.Ε. ΚΟΛΥΜΒΑΡΙΟΥ;Άγιος Ιωάννης Δελιανά Κισσάμου (13ος, 14οςαιώνας)
ΠΛΑΤΑΝΙΑ;ΙΣΤΟΡΙΑ;ΕΚΚΛΗΣΙΕΣ;Δ.Ε. ΚΟΛΥΜΒΑΡΙΟΥ;Σπήλαιον Αγίου Ιωάννου Ερημίτου, Μαραθοκεφάλα Σπηλιάς (16οςαιώνας)
ΠΛΑΤΑΝΙΑ;ΙΣΤΟΡΙΑ;ΕΚΚΛΗΣΙΕΣ;Δ.Ε. ΚΟΛΥΜΒΑΡΙΟΥ;Μονή Αγίου Ιωάννη, Γκιώνας Ροδωπού (14ος-16οςαιώνας)
ΠΛΑΤΑΝΙΑ;ΙΣΤΟΡΙΑ;ΕΚΚΛΗΣΙΕΣ;Δ.Ε. ΚΟΛΥΜΒΑΡΙΟΥ;Άγιος Παύλος, Ροδωπού (14ος,15οςαιώνας)
ΠΛΑΤΑΝΙΑ;ΙΣΤΟΡΙΑ;ΕΚΚΛΗΣΙΕΣ;Δ.Ε. ΜΟΥΣΟΥΡΩΝ;Άγιος Γεώργιος, Αλικιανός (14ος-15ος αι.)
ΠΛΑΤΑΝΙΑ;ΙΣΤΟΡΙΑ;ΕΚΚΛΗΣΙΕΣ;Δ.Ε. ΜΟΥΣΟΥΡΩΝ;Άι Κυρ Γιάννης, Αλικιανός
ΠΛΑΤΑΝΙΑ;ΙΣΤΟΡΙΑ;ΕΚΚΛΗΣΙΕΣ;Δ.Ε. ΚΟΛΥΜΒΑΡΙΟΥ;Καθολικό Μονής Γωνιάς, Κολυμβάρι, (14ος, 15ος, 16οςαιώνας)
ΣΦΑΚΙΩΝ;ΙΣΤΟΡΙΑ;ΕΚΚΛΗΣΙΕΣ;ΑΣΦΕΝΔΟΥ;ΑΓΙΑ ΖΩΝΗ –ΝΟΜΙΚΙΑΝΑ
ΣΦΑΚΙΩΝ;ΙΣΤΟΡΙΑ;ΕΚΚΛΗΣΙΕΣ;ΑΓΙΟΣ ΙΩΑΝΝΗΣ;ΑΗ ΣΤΡΑΤΗΓΟΣ  (ΑΡΧΑΓΓΕΛΟ ΜΙΧΑΗΛ ΑΡΑΔΑΙΝΑΣ)
ΣΦΑΚΙΩΝ;ΙΣΤΟΡΙΑ;ΕΚΚΛΗΣΙΕΣ;ΠΑΤΣΙΑΝΟΣ;ΑΓΙΟΣ ΝΙΚΗΤΑΣ
ΚΑΝΔΑΝΟΥ- ΣΕΛΙΝΟΥ;ΦΥΣΙΚΟ ΠΕΡΙΒΑΛΛΟΝ;ΑΝΑΡΡΙΧΗΣΗ; -;ΜΑΛΟΤΗΡΑ
ΚΑΝΔΑΝΟΥ- ΣΕΛΙΝΟΥ;ΦΥΣΙΚΟ ΠΕΡΙΒΑΛΛΟΝ;ΙΔΙΑΙΤΕΡΑ ΣΤΟΙΧΕΙΑ ΧΛΩΡΙΔΑΣ (ΦΥΤΑ); -;ΔΙΚΤΑΜΟ / ΜΑΤΖΟΥΡΑΝΑ /ΧΑΜΟΜΗΛΙ
ΚΑΝΔΑΝΟΥ- ΣΕΛΙΝΟΥ;ΦΥΣΙΚΟ ΠΕΡΙΒΑΛΛΟΝ;ΙΔΙΑΙΤΕΡΑ ΣΤΟΙΧΕΙΑ ΧΛΩΡΙΔΑΣ (ΦΥΤΑ); -;ΛΑΔΑΝΙΑ
ΚΑΝΔΑΝΟΥ- ΣΕΛΙΝΟΥ;ΦΥΣΙΚΟ ΠΕΡΙΒΑΛΛΟΝ;ΙΔΙΑΙΤΕΡΑ ΣΤΟΙΧΕΙΑ ΧΛΩΡΙΔΑΣ (ΦΥΤΑ); -;ΚΡΙΝΑΚΙ ΘΑΛΑΣΣΗΣ
ΚΑΝΔΑΝΟΥ- ΣΕΛΙΝΟΥ;ΦΥΣΙΚΟ ΠΕΡΙΒΑΛΛΟΝ;ΙΔΙΑΙΤΕΡΑ ΣΤΟΙΧΕΙΑ ΧΛΩΡΙΔΑΣ (ΦΥΤΑ); -;ΚΡΟΚΟΣ
ΚΑΝΔΑΝΟΥ- ΣΕΛΙΝΟΥ;ΦΥΣΙΚΟ ΠΕΡΙΒΑΛΛΟΝ;ΙΔΙΑΙΤΕΡΑ ΣΤΟΙΧΕΙΑ ΧΛΩΡΙΔΑΣ (ΦΥΤΑ); -;ΔΙΑΦΟΡΑ ΕΙΔΗ ΟΡΧΙΔΕΑΣ
ΣΦΑΚΙΩΝ;ΙΣΤΟΡΙΑ;ΕΚΚΛΗΣΙΕΣ;ΠΑΤΣΙΑΝΟΣ;ΑΓΙΟΣ ΧΑΡΑΛΑΜΠΟΣ
ΚΑΝΔΑΝΟΥ- ΣΕΛΙΝΟΥ;ΦΥΣΙΚΟ ΠΕΡΙΒΑΛΛΟΝ;ΜΟΝΟΠΑΤΙΑ; -;Ε4 ΕΛΑΦΟΝΗΣΙ-ΚΡΙΟΣ-ΚΟΥΝΤΟΥΡΑ
ΚΑΝΔΑΝΟΥ- ΣΕΛΙΝΟΥ;ΦΥΣΙΚΟ ΠΕΡΙΒΑΛΛΟΝ;ΜΟΝΟΠΑΤΙΑ; -;Ε4 ΠΑΛΑΙΟΧΩΡΑ-ΛΙΣΣΟΣ-ΣΟΥΓΙΑ
ΚΑΝΔΑΝΟΥ- ΣΕΛΙΝΟΥ;ΦΥΣΙΚΟ ΠΕΡΙΒΑΛΛΟΝ;ΜΟΝΟΠΑΤΙΑ; -;Ε4 ΓΡΕ ΛΕΣΚΑ-ΚΟΥΣΤΟΓΕΡΑΚΟ-ΣΟΥΓΙΑ
ΚΑΝΔΑΝΟΥ- ΣΕΛΙΝΟΥ;ΦΥΣΙΚΟ ΠΕΡΙΒΑΛΛΟΝ;ΜΟΝΟΠΑΤΙΑ; -;ΑΖΟΓΥΡΕΣ-ΑΝΥΔΡΟΙ
ΚΑΝΔΑΝΟΥ- ΣΕΛΙΝΟΥ;ΦΥΣΙΚΟ ΠΕΡΙΒΑΛΛΟΝ;ΜΟΝΟΠΑΤΙΑ; -;ΚΟΝΤΟΚΥΝΙΓΙ-ΦΟΥΡΝΑΚΙΑ-ΠΛΑΚΑΚΙ ΚΟΥΝΤΟΥΡΑΣ
ΚΑΝΔΑΝΟΥ- ΣΕΛΙΝΟΥ;ΦΥΣΙΚΟ ΠΕΡΙΒΑΛΛΟΝ;ΠΑΡΑΔΟΣΙΑΚΑ ΕΠΑΓΓΕΛΜΑΤΑ; -;ΚΑΤΑΣΚΕΥΗ ΚΑΤΣΟΥΝΑΣ
ΚΑΝΔΑΝΟΥ- ΣΕΛΙΝΟΥ;ΦΥΣΙΚΟ ΠΕΡΙΒΑΛΛΟΝ;ΠΑΡΑΛΙΕΣ; -;ΤΥΡΟΚΟΜΟΣ
ΚΑΝΔΑΝΟΥ- ΣΕΛΙΝΟΥ;ΦΥΣΙΚΟ ΠΕΡΙΒΑΛΛΟΝ;ΠΑΡΑΛΙΕΣ; -;ΕΛΑΦΟΝΗΣΙ
ΚΑΝΔΑΝΟΥ- ΣΕΛΙΝΟΥ;ΦΥΣΙΚΟ ΠΕΡΙΒΑΛΛΟΝ;ΠΑΡΑΛΙΕΣ; -;ΚΕΔΡΟΔΑΣΟΣ
ΚΑΝΔΑΝΟΥ- ΣΕΛΙΝΟΥ;ΦΥΣΙΚΟ ΠΕΡΙΒΑΛΛΟΝ;ΠΑΡΑΛΙΕΣ; -;ΛΙΜΝΗ ΚΡΙΟΥ
ΚΑΝΔΑΝΟΥ- ΣΕΛΙΝΟΥ;ΦΥΣΙΚΟ ΠΕΡΙΒΑΛΛΟΝ;ΠΑΡΑΛΙΕΣ; -;ΚΡΙΟΣ
ΚΑΝΔΑΝΟΥ- ΣΕΛΙΝΟΥ;ΦΥΣΙΚΟ ΠΕΡΙΒΑΛΛΟΝ;ΠΑΡΑΛΙΕΣ; -;ΓΡΑΜΜΕΝΟ
ΚΑΝΔΑΝΟΥ- ΣΕΛΙΝΟΥ;ΦΥΣΙΚΟ ΠΕΡΙΒΑΛΛΟΝ;ΠΑΡΑΛΙΕΣ; -;ΠΑΧΙΑ ΑΜΜΟΣ
ΚΑΝΔΑΝΟΥ- ΣΕΛΙΝΟΥ;ΦΥΣΙΚΟ ΠΕΡΙΒΑΛΛΟΝ;ΠΑΡΑΛΙΕΣ; -;ΓΙΑΛΙΣΚΑΡΙ
ΚΑΝΔΑΝΟΥ- ΣΕΛΙΝΟΥ;ΦΥΣΙΚΟ ΠΕΡΙΒΑΛΛΟΝ;ΠΑΡΑΛΙΕΣ; -;ΣΟΥΓΙΑΣ
ΚΑΝΔΑΝΟΥ- ΣΕΛΙΝΟΥ;ΦΥΣΙΚΟ ΠΕΡΙΒΑΛΛΟΝ;ΠΕΡΙΟΧΕΣ - NATURA; -;ΕΛΑΦΟΝΗΣΙ
ΚΑΝΔΑΝΟΥ- ΣΕΛΙΝΟΥ;ΦΥΣΙΚΟ ΠΕΡΙΒΑΛΛΟΝ;ΠΕΡΙΟΧΕΣ - NATURA; -;ΚΕΔΡΟΔΑΣΟΣ
ΚΑΝΔΑΝΟΥ- ΣΕΛΙΝΟΥ;ΦΥΣΙΚΟ ΠΕΡΙΒΑΛΛΟΝ;ΠΕΡΙΟΧΕΣ - NATURA; -;ΓΡΑΜΜΕΝΟ ΚΕΔΡΟΔΑΣΟΣ
ΚΑΝΔΑΝΟΥ- ΣΕΛΙΝΟΥ;ΦΥΣΙΚΟ ΠΕΡΙΒΑΛΛΟΝ;ΠΕΡΙΟΧΕΣ - NATURA; -;ΑΓ.ΕΙΡΗΝΗ
ΚΑΝΔΑΝΟΥ- ΣΕΛΙΝΟΥ;ΦΥΣΙΚΟ ΠΕΡΙΒΑΛΛΟΝ;ΠΟΔΗΛΑΤΙΚΕΣ ΔΙΑΔΡΟΜΕΣ; -;1.ΠΑΛΑΙΟΧΩΡΑ-ΑΝΥΔΡΟΙ- ΠΡΟΔΡΟΜΙ-ΤΕΜΕΝΙΑ-ΚΑΝΤΑΝΟΣ-ΠΑΛΑΙΟΧΩΡΑ
ΚΑΝΔΑΝΟΥ- ΣΕΛΙΝΟΥ;ΦΥΣΙΚΟ ΠΕΡΙΒΑΛΛΟΝ;ΠΟΔΗΛΑΤΙΚΕΣ ΔΙΑΔΡΟΜΕΣ; -;2.ΠΑΛΑΙΟΧΩΡΑ-ΚΟΝΤΟΚΗΝΥΓΙ-ΣΑΡΑΚΗΝΑ-ΜΥΛΩΝΕΣ-ΦΛΩΡΙΑ-ΚΑΝΤΑΝΟ-ΠΑΛΑΙΟΧΩΡΑ
ΚΑΝΔΑΝΟΥ- ΣΕΛΙΝΟΥ;ΦΥΣΙΚΟ ΠΕΡΙΒΑΛΛΟΝ;ΠΟΔΗΛΑΤΙΚΕΣ ΔΙΑΔΡΟΜΕΣ; -;3.ΠΑΛΑΙΟΧΩΡΑ-ΚΟΥΝΤΟΥΡΑ-ΑΓΙΟΙ ΘΕΟΔΩΡΟΙ-ΣΚΛΑΒΟΠΟΥΛΑ-ΒΟΥΤΑΣ-ΠΑΛΑΙΟΧΩΡΑ
ΚΑΝΔΑΝΟΥ- ΣΕΛΙΝΟΥ;ΦΥΣΙΚΟ ΠΕΡΙΒΑΛΛΟΝ;ΠΟΤΑΜΙΑ; -;ΠΕΛΕΚΑΝΙΩΤΗΣ
ΚΑΝΔΑΝΟΥ- ΣΕΛΙΝΟΥ;ΦΥΣΙΚΟ ΠΕΡΙΒΑΛΛΟΝ;ΠΟΤΑΜΙΑ; -;ΣΑΡΑΚΗΝΑΣ
ΚΑΝΔΑΝΟΥ- ΣΕΛΙΝΟΥ;ΦΥΣΙΚΟ ΠΕΡΙΒΑΛΛΟΝ;ΠΟΤΑΜΙΑ; -;ΑΓ ΕΙΡΗΝΗΣ
ΣΦΑΚΙΩΝ;ΙΣΤΟΡΙΑ;ΕΚΚΛΗΣΙΕΣ;ΠΑΤΣΙΑΝΟΣ;ΑΓΙΟ ΠΝΕΥΜΑ
ΚΑΝΔΑΝΟΥ- ΣΕΛΙΝΟΥ;ΦΥΣΙΚΟ ΠΕΡΙΒΑΛΛΟΝ;ΦΑΡΑΓΓΙΑ; -;ΛΙΣΣΟΥ
ΚΑΝΔΑΝΟΥ- ΣΕΛΙΝΟΥ;ΦΥΣΙΚΟ ΠΕΡΙΒΑΛΛΟΝ;ΦΑΡΑΓΓΙΑ; -;ΑΓ. ΕΙΡΗΝΗΣ
ΚΑΝΔΑΝΟΥ- ΣΕΛΙΝΟΥ;ΦΥΣΙΚΟ ΠΕΡΙΒΑΛΛΟΝ;ΦΑΡΑΓΓΙΑ; -;ΑΝΥΔΡΩΝ
ΚΑΝΔΑΝΟΥ- ΣΕΛΙΝΟΥ;ΦΥΣΙΚΟ ΠΕΡΙΒΑΛΛΟΝ;ΦΑΡΑΓΓΙΑ; -;ΚΑΝΤΑΝΟΥ 
ΣΦΑΚΙΩΝ;ΙΣΤΟΡΙΑ;ΕΚΚΛΗΣΙΕΣ;Κομιτάδες;Παναγιά Θυμιανή 15ου αιώνα
ΣΦΑΚΙΩΝ;ΙΣΤΟΡΙΑ;ΕΚΚΛΗΣΙΕΣ;ΣΚΑΛΩΤΗ;ΟΡΟΠΕΔΙΟ ΜΑΝΙΚΑΣ- ΝΑΟΣ ΑΓ.ΕΜΜΑΝΟΥΗΛ
ΑΠΟΚΟΡΩΝΟΥ;ΙΣΤΟΡΙΑ;ΙΣΤΟΡΙΚΑ ΜΝΗΜΕΙΑ;Καλύβες;Καλύβες νερόμυλος
ΑΠΟΚΟΡΩΝΟΥ;ΙΣΤΟΡΙΑ;ΙΣΤΟΡΙΚΑ ΜΝΗΜΕΙΑ;Κυριακοσέλια;Βυζαντινό φρούριο
ΑΠΟΚΟΡΩΝΟΥ;ΙΣΤΟΡΙΑ;ΙΣΤΟΡΙΚΑ ΜΝΗΜΕΙΑ;Νιό Χωριό;κουλές (οθωμανικός πύργος)
ΑΠΟΚΟΡΩΝΟΥ;ΙΣΤΟΡΙΑ;ΙΣΤΟΡΙΚΑ ΜΝΗΜΕΙΑ;Βάμος;καλντερίμι (πλακόστρωτο)
ΑΠΟΚΟΡΩΝΟΥ;ΙΣΤΟΡΙΑ;ΙΣΤΟΡΙΚΑ ΜΝΗΜΕΙΑ;Βάμος;Παρθεναγωγείο
ΑΠΟΚΟΡΩΝΟΥ;ΙΣΤΟΡΙΑ;ΙΣΤΟΡΙΚΑ ΜΝΗΜΕΙΑ;Βάμος;μνημείο κρητικών επαναστάσεων (τέως Δημαρχείο)
ΑΠΟΚΟΡΩΝΟΥ;ΙΣΤΟΡΙΑ;ΙΣΤΟΡΙΚΑ ΜΝΗΜΕΙΑ;Καρύδι (Βάμος);παλιό ελαιοτριβείο
ΑΠΟΚΟΡΩΝΟΥ;ΙΣΤΟΡΙΑ;ΙΣΤΟΡΙΚΑ ΜΝΗΜΕΙΑ;Κόκκινο Χωριό;στέρνες Καπαρέ
ΑΠΟΚΟΡΩΝΟΥ;ΙΣΤΟΡΙΑ;ΙΣΤΟΡΙΚΑ ΜΝΗΜΕΙΑ;Κόκκινο Χωριό;φάρος Ακρωτηρίου Δρέπανο
ΑΠΟΚΟΡΩΝΟΥ;ΙΣΤΟΡΙΑ;ΙΣΤΟΡΙΚΑ ΜΝΗΜΕΙΑ;Κόκκινο Χωριό;πρώην γερμανικό στρατηγείο (στοά)
ΑΠΟΚΟΡΩΝΟΥ;ΙΣΤΟΡΙΑ;ΙΣΤΟΡΙΚΑ ΜΝΗΜΕΙΑ;Παλαιλώνι;Λυγένια πηγάδια
ΑΠΟΚΟΡΩΝΟΥ;ΙΣΤΟΡΙΑ;ΙΣΤΟΡΙΚΑ ΜΝΗΜΕΙΑ;Νίπος;μνημείο ντόπιων αγωνιστών
ΑΠΟΚΟΡΩΝΟΥ;ΙΣΤΟΡΙΑ;ΙΣΤΟΡΙΚΑ ΜΝΗΜΕΙΑ;Βαφές;Καμάρα Κουτσού
ΑΠΟΚΟΡΩΝΟΥ;ΙΣΤΟΡΙΑ;ΙΣΤΟΡΙΚΑ ΜΝΗΜΕΙΑ;Βαφές;Αχατζηκιά
ΑΠΟΚΟΡΩΝΟΥ;ΙΣΤΟΡΙΑ;ΙΣΤΟΡΙΚΑ ΜΝΗΜΕΙΑ;Βρύσες;μνημείο Μεταπολιτευτικής Επανάστασης
ΑΠΟΚΟΡΩΝΟΥ;ΙΣΤΟΡΙΑ;ΙΣΤΟΡΙΚΑ ΜΝΗΜΕΙΑ;Μάζα;Ελληνική Καμάρα
ΑΠΟΚΟΡΩΝΟΥ;ΙΣΤΟΡΙΑ;ΙΣΤΟΡΙΚΑ ΜΝΗΜΕΙΑ;Κάστελλος;κουλές (οθωμανικός πύργος)
ΑΠΟΚΟΡΩΝΟΥ;ΙΣΤΟΡΙΑ;ΙΣΤΟΡΙΚΑ ΜΝΗΜΕΙΑ;Βαφές;σπήλαιο Κρυονερίδας
ΚΙΣΑΜΟΥ;ΙΣΤΟΡΙΑ;ΙΣΤΟΡΙΚΑ ΜΝΗΜΕΙΑ;0;Πολυρρηνια (υδραγωγείο, βρύση, Ακρόπολη), 
ΚΙΣΑΜΟΥ;ΙΣΤΟΡΙΑ;ΙΣΤΟΡΙΚΑ ΜΝΗΜΕΙΑ;0;Φαλασσαρνα(λιμάνι)
ΚΙΣΑΜΟΥ;ΙΣΤΟΡΙΑ;ΙΣΤΟΡΙΚΑ ΜΝΗΜΕΙΑ;0;Κεφάλι πύργοι
ΚΙΣΑΜΟΥ;ΙΣΤΟΡΙΑ;ΙΣΤΟΡΙΚΑ ΜΝΗΜΕΙΑ;0;Καλυβιανη αστικά κτήρια
ΚΙΣΑΜΟΥ;ΙΣΤΟΡΙΑ;ΙΣΤΟΡΙΚΑ ΜΝΗΜΕΙΑ;0;Καλεργιανα 
ΚΙΣΑΜΟΥ;ΙΣΤΟΡΙΑ;ΙΣΤΟΡΙΚΑ ΜΝΗΜΕΙΑ;0;Σηρικαρι Μύλοι στην είσοδο του φαραγγιού
ΚΙΣΑΜΟΥ;ΙΣΤΟΡΙΑ;ΙΣΤΟΡΙΚΑ ΜΝΗΜΕΙΑ;0;Μαλαθυρο Βυζαντινό Φρούριο
ΚΙΣΑΜΟΥ;ΙΣΤΟΡΙΑ;ΙΣΤΟΡΙΚΑ ΜΝΗΜΕΙΑ;;Απολιθωμένες ανθρώπινες πατημασιές 5,7 εκ. χρόνων Παραλία του Τράχηλα - Γραμβούσας
ΠΛΑΤΑΝΙΑ;ΙΣΤΟΡΙΑ;ΙΣΤΟΡΙΚΑ ΜΝΗΜΕΙΑ;Δ.Ε. ΠΛΑΤΑΝΙΑ;Γερμανικό Στρατιωτικό Νεκροταφείο
ΠΛΑΤΑΝΙΑ;ΙΣΤΟΡΙΑ;ΙΣΤΟΡΙΚΑ ΜΝΗΜΕΙΑ;Δ.Ε. ΠΛΑΤΑΝΙΑ;Αεροδρόμιο Μάλεμε
ΠΛΑΤΑΝΙΑ;ΙΣΤΟΡΙΑ;ΙΣΤΟΡΙΚΑ ΜΝΗΜΕΙΑ;Δ.Ε. ΒΟΥΚΟΛΙΩΝ;Γέφυρα Ταυρωνίτη
ΠΛΑΤΑΝΙΑ;ΙΣΤΟΡΙΑ;ΙΣΤΟΡΙΚΑ ΜΝΗΜΕΙΑ;Δ.Ε. ΜΟΥΣΟΥΡΩΝ;Γέφυρα Κερίτη, Αλικιανός
ΚΙΣΑΜΟΥ;ΛΟΙΠΑ;ΘΕΜΑΤΙΚΑ ΠΑΡΚΑ;0;καταφύγιο γυπαετός στο Έλος 
ΚΙΣΑΜΟΥ;ΛΟΙΠΑ;ΠΑΡΑΔΟΣΙΑΚΟΙ ΟΙΚΙΣΜΟΙ ;0;Μηλιά
ΠΛΑΤΑΝΙΑ;ΙΣΤΟΡΙΑ;ΙΣΤΟΡΙΚΑ ΜΝΗΜΕΙΑ;Δ.Ε. ΒΟΥΚΟΛΙΩΝ;Πύργος Βουκολιών
ΠΛΑΤΑΝΙΑ;ΙΣΤΟΡΙΑ;ΙΣΤΟΡΙΚΑ ΜΝΗΜΕΙΑ;Δ.Ε. ΜΟΥΣΟΥΡΩΝ;Ι.Ν Αγίου Γεωργίου Λάκκοι
ΠΛΑΤΑΝΙΑ;ΙΣΤΟΡΙΑ;ΙΣΤΟΡΙΚΑ ΜΝΗΜΕΙΑ;Δ.Ε. ΜΟΥΣΟΥΡΩΝ;Ι. Ν Αγίου Παντελεήμονα - Ομαλό
ΣΦΑΚΙΩΝ;ΙΣΤΟΡΙΑ;ΙΣΤΟΡΙΚΑ ΜΝΗΜΕΙΑ;ΠΑΤΣΙΑΝΟΣ;ΚΑΣΤΡΟ ΦΡΑΓΚΟΚΑΣΤΕΛΛΟΥ
ΚΙΣΑΜΟΥ;ΙΣΤΟΡΙΑ;ΜΟΝΑΣΤΗΡΙΑ;0;Παναγία Χρυσοσκαλίτισσας
ΚΙΣΑΜΟΥ;ΙΣΤΟΡΙΑ;ΜΟΝΑΣΤΗΡΙΑ;0;Παναγία Τυλιφος
ΚΙΣΑΜΟΥ;ΙΣΤΟΡΙΑ;ΜΟΝΑΣΤΗΡΙΑ;0;Μόνη Ζωοδόχο πηγής Κισσαμο
ΚΙΣΑΜΟΥ;ΦΥΣΙΚΟ ΠΕΡΙΒΑΛΛΟΝ;;;Κωμόλιθοι στην Κοινότητα Ποταμίδας
ΚΙΣΑΜΟΥ;ΦΥΣΙΚΟ ΠΕΡΙΒΑΛΛΟΝ;ΠΕΡΙΟΧΕΣ - NATURA;0;Ήμερη και άγρια Γραμβουσας
ΚΙΣΑΜΟΥ;ΦΥΣΙΚΟ ΠΕΡΙΒΑΛΛΟΝ;ΠΕΡΙΟΧΕΣ - NATURA;0; Τηγάνι - Λιμνοθάλασσα Μπάλου
ΚΙΣΑΜΟΥ;ΦΥΣΙΚΟ ΠΕΡΙΒΑΛΛΟΝ;ΠΕΡΙΟΧΕΣ - NATURA;0; Φαλασσαρνα
ΚΙΣΑΜΟΥ;ΦΥΣΙΚΟ ΠΕΡΙΒΑΛΛΟΝ;ΠΕΡΙΟΧΕΣ - NATURA;0;Ποντηκονησι
ΚΙΣΑΜΟΥ;ΦΥΣΙΚΟ ΠΕΡΙΒΑΛΛΟΝ;ΠΕΡΙΟΧΕΣ - NATURA;0;Έλος
ΚΙΣΑΜΟΥ;ΦΥΣΙΚΟ ΠΕΡΙΒΑΛΛΟΝ;ΠΕΡΙΟΧΕΣ - NATURA;0;Ελαφονήσι έως παραλία Άκρωτηριο Κριός
ΚΙΣΑΜΟΥ;ΦΥΣΙΚΟ ΠΕΡΙΒΑΛΛΟΝ;ΠΕΡΙΟΧΕΣ - NATURA;0;Αγ. Δίκαιος
ΚΙΣΑΜΟΥ;ΦΥΣΙΚΟ ΠΕΡΙΒΑΛΛΟΝ;ΠΕΡΙΟΧΕΣ - NATURA;0; Σασαλο
ΠΛΑΤΑΝΙΑ;ΙΣΤΟΡΙΑ;ΜΟΝΑΣΤΗΡΙΑ;Δ.Ε. ΚΟΛΥΜΒΑΡΙΟΥ;Μονή Γωνιάς, Κολυμπάρι
ΚΑΝΔΑΝΟΥ- ΣΕΛΙΝΟΥ;ΙΣΤΟΡΙΑ;ΜΟΥΣΕΙΑ; -;ΚΑΝΤΑΝΟΥ
ΚΙΣΑΜΟΥ;ΦΥΣΙΚΟ ΠΕΡΙΒΑΛΛΟΝ;ΦΑΡΑΓΓΙΑ;0;Ρόκκας
ΚΙΣΑΜΟΥ;ΦΥΣΙΚΟ ΠΕΡΙΒΑΛΛΟΝ;ΦΑΡΑΓΓΙΑ;0;Σηρικαριου
ΚΙΣΑΜΟΥ;ΦΥΣΙΚΟ ΠΕΡΙΒΑΛΛΟΝ;ΦΑΡΑΓΓΙΑ;0;Τοπολιανο
ΚΙΣΑΜΟΥ;ΦΥΣΙΚΟ ΠΕΡΙΒΑΛΛΟΝ;ΦΑΡΑΓΓΙΑ;0;Στόμιο
ΚΙΣΑΜΟΥ;ΦΥΣΙΚΟ ΠΕΡΙΒΑΛΛΟΝ;ΦΑΡΑΓΓΙΑ;0;Κάμπου
ΚΙΣΑΜΟΥ;ΙΣΤΟΡΙΑ;ΜΟΥΣΕΙΑ;0;Κισσάμου 
ΚΙΣΑΜΟΥ;ΙΣΤΟΡΙΑ;ΜΟΥΣΕΙΑ;0;Σκαλίδης στα Περβολια
ΠΛΑΤΑΝΙΑ;ΙΣΤΟΡΙΑ;ΜΟΥΣΕΙΑ;Δ.Ε. ΠΛΑΤΑΝΙΑ;Καταφύγιο – Μουσείο Β΄ Παγκοσμίου Πολέμου, Πλατανιάς
ΠΛΑΤΑΝΙΑ;ΙΣΤΟΡΙΑ;ΜΟΥΣΕΙΑ;Δ.Ε. ΚΟΛΥΜΒΑΡΙΟΥ;Μουσείο Ελιάς Βουβών
ΠΛΑΤΑΝΙΑ;ΙΣΤΟΡΙΑ;ΜΟΥΣΕΙΑ;Δ.Ε. ΚΟΛΥΜΒΑΡΙΟΥ;Μουσείο Θαλάσσιου Πλούτου και Αλιευτικής Παράδοσης, Κολυμβάρι
ΠΛΑΤΑΝΙΑ;ΙΣΤΟΡΙΑ;ΜΟΥΣΕΙΑ;Δ.Ε. ΚΟΛΥΜΒΑΡΙΟΥ;Μουσείο Κρητικών Βοτάνων, ΟΑΚ, Κολυμβάρι
ΣΦΑΚΙΩΝ;ΙΣΤΟΡΙΑ;ΜΟΥΣΕΙΑ; ΑΣΚΥΦΟΥ;ΠΟΛΕΜΙΚΟ ΜΟΥΣΕΙΟ Β ΠΑΓΚ.ΠΟΛΕΜΟΥ (ΙΔΙΩΤΗ)
ΓΑΥΔΟΥ;ΙΣΤΟΡΙΑ;ΟΧΥΡΩΜΑΤΙΚΑ ΕΡΓΑ;ΓΑΥΔΟΥ;ΟΧΥΡΟΜΑΤΙΚΟ ΤΟΙΧΟΣ ΕΝΕΤΙΚΗΣ ΠΕΡΙΟΔΟΥ
ΚΑΝΔΑΝΟΥ- ΣΕΛΙΝΟΥ;ΙΣΤΟΡΙΑ;ΟΧΥΡΩΜΑΤΙΚΑ ΕΡΓΑ; -;ΚΑΣΤΡΟ ΦΟΡΤΕΤΖΑ ΠΑΛΑΙΟΧΩΡΑΣ
ΚΑΝΔΑΝΟΥ- ΣΕΛΙΝΟΥ;ΙΣΤΟΡΙΑ;ΟΧΥΡΩΜΑΤΙΚΑ ΕΡΓΑ; -;ΣΤΑΥΡΟΥ ΚΑΝΤΑΝΟΥ (ΚΟΥΛΕΣ)
ΚΑΝΔΑΝΟΥ- ΣΕΛΙΝΟΥ;ΙΣΤΟΡΙΑ;ΟΧΥΡΩΜΑΤΙΚΑ ΕΡΓΑ; -;ΚΑΡΑΚΟΛΙ ΣΤΟ ΑΠΟΠΗΓΑΔΙ (ΚΟΥΛΕΣ)
ΚΙΣΑΜΟΥ;ΙΣΤΟΡΙΑ;ΟΧΥΡΩΜΑΤΙΚΑ ΕΡΓΑ;0;φρούριο Κισσάμου
ΚΙΣΑΜΟΥ;ΙΣΤΟΡΙΑ;ΟΧΥΡΩΜΑΤΙΚΑ ΕΡΓΑ;0;Φρούριο Γραμβουσας
ΣΦΑΚΙΩΝ;ΙΣΤΟΡΙΑ;ΟΧΥΡΩΜΑΤΙΚΑ ΕΡΓΑ;ΧΩΡΑ ΣΦΑΚΙΩΝ;ΚΑΣΤΡΑΚΙ ΣΤΑ ΠΕΥΚΑΚΙΑ
ΑΠΟΚΟΡΩΝΟΥ;ΙΣΤΟΡΙΑ;ΦΥΣΙΚΑ ΜΝΗΜΕΙΑ;Μαθές;αιωνόβια ελιά
ΚΙΣΑΜΟΥ;ΛΟΙΠΑ;ΕΚΔΗΛΩΣΕΙΣ & ΓΙΟΡΤΕΣ;0;Λαφονήσιος Δρόμος
ΚΙΣΑΜΟΥ;ΛΟΙΠΑ;ΕΚΔΗΛΩΣΕΙΣ & ΓΙΟΡΤΕΣ;0;Κισσσαμίτικο καρναβάλι
ΚΙΣΑΜΟΥ;ΛΟΙΠΑ;ΕΚΔΗΛΩΣΕΙΣ & ΓΙΟΡΤΕΣ;0;Φεστιβάλ Κισσαμίτικης κουλτούρας
ΚΙΣΑΜΟΥ;ΛΟΙΠΑ;ΕΚΔΗΛΩΣΕΙΣ & ΓΙΟΡΤΕΣ;0;Νύχτα των ευχών
ΚΙΣΑΜΟΥ;ΛΟΙΠΑ;ΕΚΔΗΛΩΣΕΙΣ & ΓΙΟΡΤΕΣ;0;Παζάρι μεγάλης Παρασκευής - Οδός Σκαλίδη
ΚΙΣΑΜΟΥ;ΛΟΙΠΑ;ΕΚΔΗΛΩΣΕΙΣ & ΓΙΟΡΤΕΣ;0;Γραμβούσια - Κρητικός γάμος
ΠΛΑΤΑΝΙΑ;ΛΟΙΠΑ;ΕΚΔΗΛΩΣΕΙΣ & ΓΙΟΡΤΕΣ;ΔΗΜΟΣ ΠΛΑΤΑΝΙΑ;Ετήσιο φεστιβάλ “Γη, Πολιτισμός, Τουρισμός”.
ΣΦΑΚΙΩΝ;ΛΟΙΠΑ;ΕΚΔΗΛΩΣΕΙΣ & ΓΙΟΡΤΕΣ;ΠΑΤΣΙΑΝΟΣ;ΦΕΣΤΙΒΑΛ «ΦΡΑΓΚΟΚΑΣΤΕΛΟ» 1-15 ΑΥΓΟΥΣΤΟΥ
ΠΛΑΤΑΝΙΑ;ΛΟΙΠΑ;ΙΔΙΑΙΤΕΡΑ ΗΘΗ & ΕΘΙΜΑ ΠΕΡΙΟΧΗΣ;Δ.Ε. ΒΟΥΚΟΛΙΩΝ;ΠΑΡΑΔΟΣΙΑΚΟ ΠΑΖΑΡΙ ΒΟΥΚΟΛΙΩΝ (ΠΛΑΤΕΙΑ ΒΟΥΚΟΛΙΩΝ)
ΠΛΑΤΑΝΙΑ;ΛΟΙΠΑ;ΘΕΜΑΤΙΚΑ ΠΑΡΚΑ;Δ.Ε. ΒΟΥΚΟΛΙΩΝ;"Πάρκο τροχαίων δυστυχημάτων ""Χρήστος Πολέντας"", Νεραντζιά Βουκολιών"
ΠΛΑΤΑΝΙΑ;ΛΟΙΠΑ;ΘΕΜΑΤΙΚΑ ΠΑΡΚΑ;Δ.Ε. ΜΟΥΣΟΥΡΩΝ;Βοτανικό Πάρκο και Κήποι Κρήτης, Φουρνές
ΠΛΑΤΑΝΙΑ;ΛΟΙΠΑ;ΘΕΜΑΤΙΚΑ ΠΑΡΚΑ;Δ.Ε. ΚΟΛΥΜΒΑΡΙΟΥ;ΜΝΗΜΕΙΑΚΗ ΕΛΙΑ ΒΟΥΒΩΝ
ΠΛΑΤΑΝΙΑ;ΛΟΙΠΑ;ΠΑΡΑΔΟΣΙΑΚΟΙ ΟΙΚΙΣΜΟΙ ;Δ.Ε. ΠΛΑΤΑΝΙΑ;Άνω Πλατανιάς
ΠΛΑΤΑΝΙΑ;ΛΟΙΠΑ;ΠΕΡΙΟΧΕΣ - NATURA;Δ.Ε. ΜΟΥΣΟΥΡΩΝ;ΚΕΝΤΡΟ ΠΛΗΡΟΦΟΡΗΣΗΣ ΕΘΝΙΚΟΥ ΔΡΥΜΟΥ ΛΕΥΚΩΝ ΟΡΕΩΝ, ΞΥΛΟΣΚΑΛΟ-ΟΜΑΛΟΣ
ΠΛΑΤΑΝΙΑ;ΛΟΙΠΑ;ΟΙΝΟΠΟΙΕΙΑ / ΔΡΟΜΟΙ ΚΡΑΣΙΟΥ;ΔΗΜΟΣ ΠΛΑΤΑΝΙΑ;"Οινοποιείο Ανώσκελη - Ανώσκελη Βουκολιών Πλατανιά 
"
ΠΛΑΤΑΝΙΑ;ΛΟΙΠΑ;ΟΙΝΟΠΟΙΕΙΑ / ΔΡΟΜΟΙ ΚΡΑΣΙΟΥ;ΔΗΜΟΣ ΠΛΑΤΑΝΙΑ;"
Οινοποιείο Καραβιτάκη - Ποντικιανά Βουβών Κολυμβαρίου Πλατανιά  
"
ΠΛΑΤΑΝΙΑ;ΛΟΙΠΑ;ΟΙΝΟΠΟΙΕΙΑ / ΔΡΟΜΟΙ ΚΡΑΣΙΟΥ;ΔΗΜΟΣ ΠΛΑΤΑΝΙΑ;"
Οινοποιείο Κτήμα Λουπάκη - Καρές Κολυμβαρίου Πλατανιά
"
ΠΛΑΤΑΝΙΑ;ΛΟΙΠΑ;ΟΙΝΟΠΟΙΕΙΑ / ΔΡΟΜΟΙ ΚΡΑΣΙΟΥ;ΔΗΜΟΣ ΠΛΑΤΑΝΙΑ;"
Οινοποιείο Ντουρουντάκη - Νεριανά Βουκολιών Πλατανιά
"
ΠΛΑΤΑΝΙΑ;ΛΟΙΠΑ;ΟΙΝΟΠΟΙΕΙΑ / ΔΡΟΜΟΙ ΚΡΑΣΙΟΥ;ΔΗΜΟΣ ΠΛΑΤΑΝΙΑ;"
Οινοποιείο Μανουσάκη - Nostos - Βατόλακκος Μουσούρων Πλατανιά"
ΠΛΑΤΑΝΙΑ;ΛΟΙΠΑ;ΟΙΝΟΠΟΙΕΙΑ / ΔΡΟΜΟΙ ΚΡΑΣΙΟΥ;ΔΗΜΟΣ ΠΛΑΤΑΝΙΑ;"Μπυραρία ""ΧΑΡΜΑ"" στο Ζουνάκι"
ΠΛΑΤΑΝΙΑ;ΛΟΙΠΑ;ΠΑΡΚΑ;Δ.Ε ΠΛΑΤΑΝΙΑ;Πάρκο Δρακιανών
ΑΠΟΚΟΡΩΝΟΥ;ΛΟΙΠΑ;;Ντουλιανά;παλιά γειτονιά
ΑΠΟΚΟΡΩΝΟΥ;ΛΟΙΠΑ;;Κεφαλάς;Κέντρο Περιβαλλοντικής Εκπαίδευσης
ΓΑΥΔΟΥ;ΠΟΛΙΤΙΣΜΟΣ;ΕΚΔΗΛΩΣΕΙΣ & ΓΙΟΡΤΕΣ;ΓΑΥΔΟΥ;Αγώνας ποδηλασίας mountain bike
ΠΛΑΤΑΝΙΑ;ΦΥΣΙΚΟ ΠΕΡΙΒΑΛΛΟΝ;ΘΕΜΑΤΙΚΑ ΠΑΡΚΑ;Δ.Ε. ΠΛΑΤΑΝΙΑ;Πάρκο Αγίου Γερασίμου, Μόδι
ΣΦΑΚΙΩΝ;ΠΟΛΙΤΙΣΜΟΣ;ΠΑΡΑΔΟΣΙΑΚΑ ΕΠΑΓΓΕΛΜΑΤΑ;ΑΣΚΥΦΟΥ;ΠΑΡΑΔΟΣΙΑΚΟΣ ΥΠΟΔΥΜΑΤΟΠΟΙΟΣ – ΣΤΙΒΑΝΙΑ
ΚΑΝΔΑΝΟΥ- ΣΕΛΙΝΟΥ;ΠΟΛΙΤΙΣΜΟΣ;ΠΑΡΑΔΟΣΙΑΚΗ ΜΟΥΣΙΚΗ / ΜΟΥΣΙΚΑ ΟΡΓΑΝΑ ; -; ΡΙΖΙΤΙΚΑ
ΠΛΑΤΑΝΙΑ;ΦΥΣΙΚΟ ΠΕΡΙΒΑΛΛΟΝ;ΜΟΝΟΠΑΤΙΑ;Δ.Ε. ΒΟΥΚΟΛΙΩΝ;"Μονοπάτι ""Βρύση δασκάλου”, Παλαιά Ρούματα"
ΠΛΑΤΑΝΙΑ;ΦΥΣΙΚΟ ΠΕΡΙΒΑΛΛΟΝ;ΜΟΝΟΠΑΤΙΑ;Δ.Ε. ΜΟΥΣΟΥΡΩΝ;Ιστορικό Μονοπάτι Πρασέ
ΠΛΑΤΑΝΙΑ;ΦΥΣΙΚΟ ΠΕΡΙΒΑΛΛΟΝ;ΜΟΝΟΠΑΤΙΑ;Δ.Ε. ΜΟΥΣΟΥΡΩΝ;Μονοπάτι “Ζούρβα – Τρομάρισσα”, Ζούρβα Μεσκλών
ΠΛΑΤΑΝΙΑ;ΦΥΣΙΚΟ ΠΕΡΙΒΑΛΛΟΝ;ΠΑΡΑΛΙΕΣ;Δ.Ε. ΠΛΑΤΑΝΙΑ;Παραλία Πλατανιά
ΠΛΑΤΑΝΙΑ;ΦΥΣΙΚΟ ΠΕΡΙΒΑΛΛΟΝ;ΠΑΡΑΛΙΕΣ;Δ.Ε. ΠΛΑΤΑΝΙΑ;Παραλία Πλατανιά – Λιμανάκι
ΠΛΑΤΑΝΙΑ;ΦΥΣΙΚΟ ΠΕΡΙΒΑΛΛΟΝ;ΠΑΡΑΛΙΕΣ;Δ.Ε. ΠΛΑΤΑΝΙΑ;Παραλία Μάλεμε
ΠΛΑΤΑΝΙΑ;ΦΥΣΙΚΟ ΠΕΡΙΒΑΛΛΟΝ;ΠΑΡΑΛΙΕΣ;Δ.Ε. ΒΟΥΚΟΛΙΩΝ;Παραλία Ταυρωνίτη
ΠΛΑΤΑΝΙΑ;ΦΥΣΙΚΟ ΠΕΡΙΒΑΛΛΟΝ;ΠΑΡΑΛΙΕΣ;Δ.Ε. ΚΟΛΥΜΒΑΡΙΟΥ;Παραλία Κολυμβαρίου
ΠΛΑΤΑΝΙΑ;ΦΥΣΙΚΟ ΠΕΡΙΒΑΛΛΟΝ;ΠΑΡΑΛΙΕΣ;Δ.Ε. ΚΟΛΥΜΒΑΡΙΟΥ;Παραλία Αφράτων
ΠΛΑΤΑΝΙΑ;ΦΥΣΙΚΟ ΠΕΡΙΒΑΛΛΟΝ;ΠΑΡΑΛΙΕΣ;Δ.Ε. ΚΟΛΥΜΒΑΡΙΟΥ;Παραλία “Μένιες ή Δίκτυννα”
ΠΛΑΤΑΝΙΑ;ΦΥΣΙΚΟ ΠΕΡΙΒΑΛΛΟΝ;ΠΑΡΑΛΙΕΣ;Δ.Ε. ΚΟΛΥΜΒΑΡΙΟΥ;Παραλία Ραβδούχα
ΠΛΑΤΑΝΙΑ;ΦΥΣΙΚΟ ΠΕΡΙΒΑΛΛΟΝ;ΠΕΡΙΟΧΕΣ - NATURA;Δ.Ε. ΚΟΛΥΜΒΑΡΙΟΥ,  Δ.Ε. ΒΟΥΚΟΛΙΩΝ &    Δ.Ε. ΠΛΑΤΑΝΙΑ;ΧΕΡΣΟΝΗΣΟΣ ΡΟΔΟΠΟΥ - ΠΑΡΑΛΙΑ ΜΑΛΕΜΕ
ΠΛΑΤΑΝΙΑ;ΦΥΣΙΚΟ ΠΕΡΙΒΑΛΛΟΝ;ΠΕΡΙΟΧΕΣ - NATURA;Δ.Ε. ΜΟΥΣΟΥΡΩΝ;ΛΕΥΚΑ ΟΡΗ ΚΑΙ ΠΑΡΑΚΤΙΑ ΖΩΝΗ
ΠΛΑΤΑΝΙΑ;ΦΥΣΙΚΟ ΠΕΡΙΒΑΛΛΟΝ;ΠΕΡΙΟΧΕΣ - NATURA;Δ.Ε. ΜΟΥΣΟΥΡΩΝ;ΕΘΝIΚΟΣ ΔΡYΜΟΣ ΣΑΜΑΡIΑΣ - ΦΑΡΑΓΓI ΤΡYΠΗΤΗΣ - ΨIΛΑΦI - ΚΟΥΣΤΟΓΕΡΑΚΟ
ΠΛΑΤΑΝΙΑ;ΦΥΣΙΚΟ ΠΕΡΙΒΑΛΛΟΝ;ΠΕΡΙΟΧΕΣ - NATURA;Δ.Ε. ΚΟΛΥΜΒΑΡΙΟΥ;ΧΕΡΣΟΝΗΣΟΣ ΡΟΔΟΠΟΥ
ΠΛΑΤΑΝΙΑ;ΦΥΣΙΚΟ ΠΕΡΙΒΑΛΛΟΝ;ΠΟΔΗΛΑΤΙΚΕΣ ΔΙΑΔΡΟΜΕΣ;ΔΗΜΟΣ ΠΛΑΤΑΝΙΑ;α) Αγιά – Αλικιανός – Μεσκλά, β) Πλατανιάς – Δρακιανά – Κυρτωμάδω και γ) Πλατανιάς – Κολυμβάρι
ΠΛΑΤΑΝΙΑ;ΦΥΣΙΚΟ ΠΕΡΙΒΑΛΛΟΝ;ΠΟΤΑΜΙΑ;Δ.Ε. ΒΟΥΚΟΛΙΩΝ;Ποταμός Ταυρωνίτης
ΠΛΑΤΑΝΙΑ;ΦΥΣΙΚΟ ΠΕΡΙΒΑΛΛΟΝ;ΦΑΡΑΓΓΙΑ;Δ.Ε. ΜΟΥΣΟΥΡΩΝ;Φαράγγι Σαμαριάς
ΠΛΑΤΑΝΙΑ;ΦΥΣΙΚΟ ΠΕΡΙΒΑΛΛΟΝ;ΦΑΡΑΓΓΙΑ;Δ.Ε. ΒΟΥΚΟΛΙΩΝ &    Δ.Ε. ΚΟΛΥΜΒΑΡΙΟΥ;Φαράγγι Μεσαυλίων – Δελιανών
ΠΛΑΤΑΝΙΑ;ΦΥΣΙΚΟ ΠΕΡΙΒΑΛΛΟΝ;ΦΑΡΑΓΓΙΑ;Δ.Ε. ΒΟΥΚΟΛΙΩΝ;Φαράγγι Βαβουλέδω, Παλαιά Ρούματα
ΠΛΑΤΑΝΙΑ;ΦΥΣΙΚΟ ΠΕΡΙΒΑΛΛΟΝ;ΦΑΡΑΓΓΙΑ;Δ.Ε. ΜΟΥΣΟΥΡΩΝ;Φαράγγι Κυδώνι – Μποριανών, Καράνου
ΠΛΑΤΑΝΙΑ;ΦΥΣΙΚΟ ΠΕΡΙΒΑΛΛΟΝ;ΦΑΡΑΓΓΙΑ;Δ.Ε. ΜΟΥΣΟΥΡΩΝ;Φαράγγι Σαρακήνας, Μεσκλά
ΚΑΝΔΑΝΟΥ- ΣΕΛΙΝΟΥ;ΠΟΛΙΤΙΣΜΟΣ;ΣΠΗΛΑΙΑ; -;ΠΟΛΥΦΗΜΟΥ ΣΤΗΝ ΣΟΥΓΙΑ 
ΚΙΣΑΜΟΥ;ΠΟΛΙΤΙΣΜΟΣ;ΣΠΗΛΑΙΑ;0;Αγ. Σοφία Τοπολια
ΚΙΣΑΜΟΥ;ΠΟΛΙΤΙΣΜΟΣ;ΣΠΗΛΑΙΑ;0;Αγ. Ιωάννης ερημίτης Μαραθοκεφαλα
ΣΦΑΚΙΩΝ;ΠΟΛΙΤΙΣΜΟΣ;ΣΠΗΛΑΙΑ;ΑΣΦΕΝΔΟΥ;ΣΠΗΛΑΙΟ ΑΣΦΕΝΔΟΥ ΘΕΣΗ ΣΚΟΡΔΑΛΑΚΙΑ
ΣΦΑΚΙΩΝ;ΠΟΛΙΤΙΣΜΟΣ;ΣΠΗΛΑΙΑ;ΑΓΙΟΣ ΙΩΑΝΝΗΣ;ΣΚΟΡΔΑΛΑΚΙΑ
ΣΦΑΚΙΩΝ;ΠΟΛΙΤΙΣΜΟΣ;ΣΠΗΛΑΙΑ;ΠΑΤΣΙΑΝΟΣ;ΑΓΙΑΣΜΑΤΣΙ (ΣΠΗΛΑΙΟ ΜΕ ΣΤΑΛΑΧΤΙΤΕΣ)
ΓΑΥΔΟΥ;ΠΟΛΙΤΙΣΜΟΣ;ΧΩΡΟΙ ΤΕΧΝΗΣ-ΠΟΛΙΤΙΣΜΟΥ (δημόσιοι, δημοτικοί ή ιδιωτικοί);ΓΑΥΔΟΥ;Πέτρινο Θέατρο  
ΚΑΝΔΑΝΟΥ- ΣΕΛΙΝΟΥ;ΠΟΛΙΤΙΣΜΟΣ;ΧΩΡΟΙ ΤΕΧΝΗΣ-ΠΟΛΙΤΙΣΜΟΥ (δημόσιοι, δημοτικοί ή ιδιωτικοί); -;ΣΧΟΛΕΙΟ ΒΟΥΤΑ
ΣΦΑΚΙΩΝ;ΦΥΣΙΚΟ ΠΕΡΙΒΑΛΛΟΝ;ΠΑΡΑΛΙΕΣ;ΒΟΥΒΑΣ;ΠΑΡΑΛΙΑ ΚΟΥΤΕΛΟΣ
ΚΑΝΔΑΝΟΥ- ΣΕΛΙΝΟΥ;ΠΟΛΙΤΙΣΜΟΣ;ΧΩΡΟΙ ΤΕΧΝΗΣ-ΠΟΛΙΤΙΣΜΟΥ (δημόσιοι, δημοτικοί ή ιδιωτικοί); -;ΣΧΟΛΕΙΟ ΣΚΛΑΒΟΠΟΥΛΑΣ
ΚΑΝΔΑΝΟΥ- ΣΕΛΙΝΟΥ;ΠΟΛΙΤΙΣΜΟΣ;ΧΩΡΟΙ ΤΕΧΝΗΣ-ΠΟΛΙΤΙΣΜΟΥ (δημόσιοι, δημοτικοί ή ιδιωτικοί); -;ΣΧΟΛΕΙΟ ΚΟΥΣΤΟΓΕΡΑΚΟΥ
ΠΛΑΤΑΝΙΑ;ΠΟΛΙΤΙΣΜΟΣ;ΧΩΡΟΙ ΤΕΧΝΗΣ-ΠΟΛΙΤΙΣΜΟΥ (δημόσιοι, δημοτικοί ή ιδιωτικοί);Δ.Ε. ΒΟΥΚΟΛΙΩΝ;Μουσείο Σύγχρονης Τέχνης “Ελαιουργείον”, Δρομόνερο
ΣΦΑΚΙΩΝ;ΛΟΙΠΑ;ΠΑΡΑΔΟΣΙΑΚΟΙ ΟΙΚΙΣΜΟΙ ;ΑΓΙΟΣ ΙΩΑΝΝΗΣ;ΑΡΑΔΑΙΝΑ
ΣΦΑΚΙΩΝ;ΛΟΙΠΑ;ΠΑΡΑΔΟΣΙΑΚΟΙ ΟΙΚΙΣΜΟΙ ;ΠΑΤΣΙΑΝΟΣ;ΚΑΛΛΙΚΡΑΤΗΣ
ΣΦΑΚΙΩΝ;ΛΟΙΠΑ;ΠΑΡΑΔΟΣΙΑΚΟΙ ΟΙΚΙΣΜΟΙ ;ΠΑΤΣΙΑΝΟΣ;ΚΑΨΟΔΑΣΟΣ
ΠΛΑΤΑΝΙΑ;ΠΟΛΙΤΙΣΜΟΣ;ΧΩΡΟΙ ΤΕΧΝΗΣ-ΠΟΛΙΤΙΣΜΟΥ (δημόσιοι, δημοτικοί ή ιδιωτικοί);Δ.Ε. ΜΟΥΣΟΥΡΩΝ;Μουσείο Ελιάς & Λαδιού – Λαογραφική Συλλογή Δερμιτζάκη, Βατόλακκος
ΣΦΑΚΙΩΝ;ΠΟΛΙΤΙΣΜΟΣ;ΧΩΡΟΙ ΤΕΧΝΗΣ-ΠΟΛΙΤΙΣΜΟΥ (δημόσιοι, δημοτικοί ή ιδιωτικοί);ΑΣΚΥΦΟΥ;ΚΤΗΡΙΟ ΜΠΙΚΟΥΒΑΡΗ 
ΑΠΟΚΟΡΩΝΟΥ;ΠΟΛΙΤΙΣΜΟΣ;;Γαβαλοχώρι;λαογραφικό μουσείο
ΣΦΑΚΙΩΝ;ΦΥΣΙΚΟ ΠΕΡΙΒΑΛΛΟΝ;ΠΑΡΑΛΙΕΣ;ΑΝΩΠΟΛΗ;ΛΥΚΟΣ
ΑΠΟΚΟΡΩΝΟΥ;ΠΟΛΙΤΙΣΜΟΣ;;Κεφαλάς;λαογραφικό μουσείο
ΓΑΥΔΟΥ;ΦΥΣΙΚΟ ΠΕΡΙΒΑΛΛΟΝ;ΝΗΣΙΔΕΣ;ΓΑΥΔΟΥ;Γαυδοπουλα
ΓΑΥΔΟΥ;ΦΥΣΙΚΟ ΠΕΡΙΒΑΛΛΟΝ;ΝΗΣΙΔΕΣ;ΓΑΥΔΟΥ;Πρασονησια
ΣΦΑΚΙΩΝ;ΦΥΣΙΚΟ ΠΕΡΙΒΑΛΛΟΝ;ΠΑΡΑΛΙΕΣ;ΦΡΑΓΚΟΚΑΣΤΕΛΛΟ;ΠΑΡΑΛΙΑ ΟΡΘΗ ΑΜΜΟΣ
ΣΦΑΚΙΩΝ;ΦΥΣΙΚΟ ΠΕΡΙΒΑΛΛΟΝ;ΠΑΡΑΛΙΕΣ;ΧΩΡΑ ΣΦΑΚΙΩΝ;ΠΑΡΑΛΙΑ ΜΑΡΑΜΑΡΑ
ΣΦΑΚΙΩΝ;ΦΥΣΙΚΟ ΠΕΡΙΒΑΛΛΟΝ;ΠΑΡΑΛΙΕΣ;ΧΩΡΑ ΣΦΑΚΙΩΝ;ΠΑΡΑΛΙΑ ΓΛΥΚΑ ΝΕΡΑ
ΣΦΑΚΙΩΝ;ΦΥΣΙΚΟ ΠΕΡΙΒΑΛΛΟΝ;ΠΑΡΑΛΙΕΣ;ΑΝΩΠΟΛΗ;ΦΟΙΝΙΚΑΣ
ΣΦΑΚΙΩΝ;ΦΥΣΙΚΟ ΠΕΡΙΒΑΛΛΟΝ;ΠΑΡΑΛΙΕΣ;ΧΩΡΑ ΣΦΑΚΙΩΝ;ΠΑΡΑΛΙΑ ΣΤΟ ΠΑΛΙΟ ΛΙΜΑΝΙ
ΣΦΑΚΙΩΝ;ΦΥΣΙΚΟ ΠΕΡΙΒΑΛΛΟΝ;ΠΑΡΑΛΙΕΣ;ΧΩΡΑ ΣΦΑΚΙΩΝ;ΒΡΥΣΗ
ΣΦΑΚΙΩΝ;ΦΥΣΙΚΟ ΠΕΡΙΒΑΛΛΟΝ;ΠΑΡΑΛΙΕΣ;ΧΩΡΑ ΣΦΑΚΙΩΝ;ΙΛΙΓΚΑΣ
ΚΑΝΔΑΝΟΥ- ΣΕΛΙΝΟΥ;ΦΥΣΙΚΟ ΠΕΡΙΒΑΛΛΟΝ;ΚΑΤΑΦΥΓΙΑ; -;ΓΡΕ ΛΕΣΚΑ
ΠΛΑΤΑΝΙΑ;ΦΥΣΙΚΟ ΠΕΡΙΒΑΛΛΟΝ;ΚΑΤΑΦΥΓΙΑ;Δ.Ε. ΜΟΥΣΟΥΡΩΝ;Καταφύγιο Καλλέργη, Ομαλός
ΣΦΑΚΙΩΝ;ΦΥΣΙΚΟ ΠΕΡΙΒΑΛΛΟΝ;ΦΑΡΑΓΓΙΑ;ΑΓΙΟΣ ΙΩΑΝΝΗΣ;ΑΡΑΔΑΙΝΑΣ
ΣΦΑΚΙΩΝ;ΦΥΣΙΚΟ ΠΕΡΙΒΑΛΛΟΝ;ΦΑΡΑΓΓΙΑ;ΑΓΙΑ ΡΟΥΜΕΛΗ;ΣΑΜΑΡΙΑ
ΣΦΑΚΙΩΝ;ΦΥΣΙΚΟ ΠΕΡΙΒΑΛΛΟΝ;ΦΑΡΑΓΓΙΑ;ΙΜΠΡΟΣ;ΙΜΠΡΟΥ
ΣΦΑΚΙΩΝ;ΦΥΣΙΚΟ ΠΕΡΙΒΑΛΛΟΝ;ΦΑΡΑΓΓΙΑ;ΑΓΙΑ ΡΟΥΜΕΛΗ;ΦΑΡΑΓΓΙ ΣΑΜΑΡΙΑΣ