screen_name,id,protected,real_name,name,Greeklish,Uppercase,Different_Name
ViliardosV,174226430,False,Î’Î¹Î»Î¹Î¬ÏÎ´Î¿Ï‚ Î’Î±ÏƒÎ¯Î»ÎµÎ¹Î¿Ï‚,Î’Î±ÏƒÎ¯Î»Î·Ï‚ Î’Î¹Î»Î¹Î¬ÏÎ´Î¿Ï‚,False,False,True
anaik2020,1168241295149740038,False,Î‘Î»ÎµÎ¾Î¿Ï€Î¿ÏÎ»Î¿Ï… Î‘Î¹ÎºÎ±Ï„ÎµÏÎ¯Î½Î·,ANASTASIA-EKATERINI ALEXOPOULOU,True,True,True
MariaAt03902914,1153988844498444288,False,Î‘Î¸Î±Î½Î±ÏƒÎ¯Î¿Ï… ÎœÎ±ÏÎ¯Î±,Maria Athanasiou- Î•Î›Î›Î—ÎÎ™ÎšÎ— Î›Î¥Î£Î—,True,False,False
B3Vagenas,1302266183790604290,False,Î’Î±Î³ÎµÎ½Î¬Ï‚ Î”Î·Î¼Î®Ï„ÏÎ¹Î¿Ï‚,Î”Î·Î¼Î·Ï„ÏÎ·Ï‚ Î’Î±Î³ÎµÎ½Î±Ï‚,False,False,True
SofAsimak,1148229718627540992,False,Î‘ÏƒÎ·Î¼Î±ÎºÎ¿Ï€Î¿ÏÎ»Î¿Ï… Î§Î¬Î¹Î´Ï‰,Î£ÎŸÎ¦Î™Î‘ Î‘Î£Î—ÎœÎ‘ÎšÎŸÎ ÎŸÎ¥Î›ÎŸÎ¥ - Î•Î›Î›Î—ÎÎ™ÎšÎ— Î›Î¥Î£Î—,False,True,True
AntMylonakis,501969331,False,ÎœÏ…Î»Ï‰Î½Î¬ÎºÎ·Ï‚ Î‘Î½Ï„ÏÎ½Î¹Î¿Ï‚,Antonios Mylonakis,True,False,False
avdelas_ap,1254725873456078855,False,Î‘Î²Î´ÎµÎ»Î¬Ï‚ Î‘Ï€ÏŒÏƒÏ„Î¿Î»Î¿Ï‚,Î‘Î²Î´ÎµÎ»Î¬Ï‚ Î‘Ï€ÏŒÏƒÏ„Î¿Î»Î¿Ï‚,False,False,False
ChitasKostas,366594800,False,Î§Î·Ï„Î¬Ï‚ ÎšÏ‰Î½ÏƒÏ„Î±Î½Ï„Î¯Î½Î¿Ï‚,Chitas Constantinos,True,False,True
velopky,579067205,False,Î’ÎµÎ»ÏŒÏ€Î¿Ï…Î»Î¿Ï‚ ÎšÏ…ÏÎ¹Î¬ÎºÎ¿Ï‚,Î’ÎµÎ»ÏŒÏ€Î¿Ï…Î»Î¿Ï‚ ÎšÏ…ÏÎ¹Î¬ÎºÎ¿Ï‚ Î ÏÏŒÎµÎ´ÏÎ¿Ï‚ Î•Î›Î›Î—ÎÎ™ÎšÎ— Î›Î¥Î£Î—,False,False,False
kostasmpoumpas,1165984732045369344,False,ÎœÏ€Î¿ÏÎ¼Ï€Î±Ï‚ ÎšÏ‰Î½ÏƒÏ„Î±Î½Ï„Î¯Î½Î¿Ï‚,ÎšÎ©Î£Î¤Î‘Î£ ÎœÎ ÎŸÎ¥ÎœÎ Î‘Î£,False,True,False
Arvanitidis_Geo,269667949,False,Î‘ÏÎ²Î±Î½Î¹Ï„Î¯Î´Î·Ï‚ Î“ÎµÏÏÎ³Î¹Î¿Ï‚,George Arvanitidis,True,False,True
ILHANAHMET,102001522,False,Î‘Ï‡Î¼Î­Ï„ Î™Î»Ï‡Î¬Î½,Av. ilhan AHMET,True,True,False
FofiGennimata,71482406,False,Î“ÎµÎ½Î½Î·Î¼Î±Ï„Î¬ Î¦ÏÏ†Î·,Fofi Gennimata,True,False,False
ngiannakopoulou,414090002,False,Î“Î¹Î±Î½Î½Î±ÎºÎ¿Ï€Î¿ÏÎ»Î¿Ï… ÎÎ¬Î½Ï„Î¹Î±,Nadia Giannakopoulou,True,False,False
KaminisG,191033632,False,ÎšÎ±Î¼Î¯Î½Î·Ï‚ Î“ÎµÏÏÎ³Î¹Î¿Ï‚,Georgios Kaminis,True,False,False
KastanidisHaris,534632102,False,ÎšÎ±ÏƒÏ„Î±Î½Î¯Î´Î·Ï‚ Î§Î±ÏÎ¬Î»Î±Î¼Ï€Î¿Ï‚,Kastanidis Haris,True,False,True
michaelkatrinis,32475807,False,ÎšÎ±Ï„ÏÎ¯Î½Î·Ï‚ ÎœÎ¹Ï‡Î±Î®Î»,ÎœÎ¹Ï‡Î¬Î»Î·Ï‚ ÎšÎ±Ï„ÏÎ¯Î½Î·Ï‚,False,False,True
BKegeroglou,588106696,False,ÎšÎµÎ³ÎºÎ­ÏÎ¿Î³Î»Î¿Ï… Î’Î±ÏƒÎ¯Î»ÎµÎ¹Î¿Ï‚,Î’Î±ÏƒÎ¯Î»Î·Ï‚ ÎšÎµÎ³ÎºÎ­ÏÎ¿Î³Î»Î¿Ï…,False,False,True
xarakefalidou,4126380982,False,ÎšÎµÏ†Î±Î»Î¯Î´Î¿Ï… Î§Î±ÏÎ¬,xara_kefalidou,True,False,True
Odysseas_,70713954,False,ÎšÏ‰Î½ÏƒÏ„Î±Î½Ï„Î¹Î½ÏŒÏ€Î¿Ï…Î»Î¿Ï‚ ÎŸÎ´Ï…ÏƒÏƒÎ­Î±Ï‚,ÎšÎ©ÎÎ£Î¤Î‘ÎÎ¤Î™ÎÎŸÎ ÎŸÎ¥Î›ÎŸÎ£ ÎŸÎ”Î¥Î£Î£Î•Î‘Î£,False,True,False
dkonstantop,3308342351,False,ÎšÏ‰Î½ÏƒÏ„Î±Î½Ï„ÏŒÏ€Î¿Ï…Î»Î¿Ï‚ Î”Î·Î¼Î®Ï„ÏÎ¹Î¿Ï‚,Î”Î·Î¼Î®Ï„ÏÎ·Ï‚ ÎšÏ‰Î½ÏƒÏ„Î±Î½Ï„ÏŒÏ€Î¿Ï…Î»Î¿Ï‚,False,False,True
p1l1sulLrVED8tt,1156878352759894016,False,Î›Î¹Î±ÎºÎ¿ÏÎ»Î· Î•Ï…Î±Î³Î³ÎµÎ»Î¯Î±,Î•Î¥Î‘Î“Î“Î•Î›Î™Î‘ Î›Î™Î‘ÎšÎŸÎ¥Î›Î—,True,True,False
a_loverdos,225931853,False,Î›Î¿Î²Î­ÏÎ´Î¿Ï‚ Î‘Î½Î´ÏÎ­Î±Ï‚,Andreas Loverdos,True,False,False
GMoulkiotis,1191680252201852931,False,ÎœÎ¿Ï…Î»ÎºÎ¹ÏÏ„Î·Ï‚ Î“ÎµÏÏÎ³Î¹Î¿Ï‚,Î“Î¹ÏÏÎ³Î¿Ï‚ ÎœÎ¿Ï…Î»ÎºÎ¹ÏÏ„Î·Ï‚,False,False,False
BurhanBaranDr,1177124881688866816,False,ÎœÏ€Î±ÏÎ¬Î½ ÎœÏ€Î¿Ï…ÏÏ‡Î¬Î½,Burhan Baran,True,False,False
dimitrisbiagkis,1159407842350288896,False,ÎœÏ€Î¹Î¬Î³ÎºÎ·Ï‚ Î”Î·Î¼Î®Ï„ÏÎ¹Î¿Ï‚,Î”Î·Î¼Î®Ï„ÏÎ¹Î¿Ï‚ ÎœÏ€Î¹Î¬Î³ÎºÎ·Ï‚,False,False,False
PanasApostolos,1259340614,False,Î Î±Î½Î¬Ï‚ Î‘Ï€ÏŒÏƒÏ„Î¿Î»Î¿Ï‚,Î‘Ï€ÏŒÏƒÏ„Î¿Î»Î¿Ï‚ Î Î¬Î½Î±Ï‚,False,False,False
GPapandreou,7005602,False,Î Î±Ï€Î±Î½Î´ÏÎ­Î¿Ï… Î“ÎµÏÏÎ³Î¹Î¿Ï‚,George A. Papandreou,True,False,True
AndreasPoulas,347951559,False,Î Î¿Ï…Î»Î¬Ï‚ Î‘Î½Î´ÏÎ­Î±Ï‚,Î‘Î½Î´ÏÎ­Î±Ï‚ Î Î¿Ï…Î»Î¬Ï‚,False,False,False
KSkandalidis,539098641,False,Î£ÎºÎ±Î½Î´Î±Î»Î¯Î´Î·Ï‚ ÎšÏ‰Î½ÏƒÏ„Î±Î½Ï„Î¯Î½Î¿Ï‚,Kostas Skandalidis,True,False,True
FragidisGeorge,1248746286460919810,False,Î¦ÏÎ±Î³Î³Î¯Î´Î·Ï‚ Î“ÎµÏÏÎ³Î¹Î¿Ï‚,Î“Î¹ÏÏÎ³Î¿Ï‚ Î¦ÏÎ±Î³Î³Î¯Î´Î·Ï‚,False,False,True
KonstantinaAda1,2458564941,False,Î‘Î´Î¬Î¼Î¿Ï… ÎšÏ‰Î½ÏƒÏ„Î±Î½Ï„Î¯Î½Î±,Konstantina Adamou,True,False,False
ApatzidiM,1219343130065014792,False,Î‘Ï€Î±Ï„Î¶Î¯Î´Î· ÎœÎ±ÏÎ¯Î±,Apatzidi_Maria,True,False,False
yanisvaroufakis,124690469,False,Î’Î±ÏÎ¿Ï…Ï†Î¬ÎºÎ·Ï‚ Î“Î¹Î¬Î½Î·Ï‚,Yanis Varoufakis,True,False,True
GeorgeLogiadis,1168885946361757705,False,Î›Î¿Î³Î¹Î¬Î´Î·Ï‚ Î“ÎµÏÏÎ³Î¹Î¿Ï‚,George Logiadis,True,False,True
fbakadima,350800867,False,ÎœÏ€Î±ÎºÎ±Î´Î®Î¼Î± Î¦Ï‰Ï„ÎµÎ¹Î½Î®,Fotini Bakadima,True,False,False
karsenis,92969084,False,Î‘ÏÏƒÎ­Î½Î·Ï‚ Î—Î»Î¯Î±Ï‚,Kriton Arsenis,True,False,True
SofiaSakorafa,533082734,False,Î£Î±ÎºÎ¿ÏÎ¬Ï†Î± Î£Î¿Ï†Î¯Î±,Î£Î¿Ï†Î¯Î± Î£Î±ÎºÎ¿ÏÎ¬Ï†Î±,False,False,False
m_giannakou,886723075,False,Î“Î¹Î±Î½Î½Î¬ÎºÎ¿Ï… ÎœÎ±ÏÎ¹Î­Ï„Ï„Î±,Marietta Giannakou,True,False,False
theodorikakosp,1149205366930071552,False,Î˜ÎµÎ¿Î´Ï‰ÏÎ¹ÎºÎ¬ÎºÎ¿Ï‚ Î¤Î¬ÎºÎ·Ï‚,Î¤Î¬ÎºÎ·Ï‚ Î˜ÎµÎ¿Î´Ï‰ÏÎ¹ÎºÎ¬ÎºÎ¿Ï‚,False,False,False
,0,False,Î¤Î±ÏÎ±Î½Ï„Î¯Î»Î·Ï‚ Î§ÏÎ®ÏƒÏ„Î¿Ï‚,,False,False,False
AngelosSyrigos,422814594,False,Î£Ï…ÏÎ¯Î³Î¿Ï‚ Î†Î³Î³ÎµÎ»Î¿Ï‚,Angelos Syrigos,True,False,False
FotiniPipili,481393090,False,Î Î¹Ï€Î¹Î»Î® Î¦Ï‰Ï„ÎµÎ¹Î½Î®,FotiniPipili,True,False,True
bogdanosk,53439175,False,ÎœÏ€Î¿Î³Î´Î¬Î½Î¿Ï‚ ÎšÏ‰Î½ÏƒÏ„Î±Î½Ï„Î¯Î½Î¿Ï‚,constantinosbogdanos,True,False,True
nkaklamanis,72838721,False,ÎšÎ±ÎºÎ»Î±Î¼Î¬Î½Î·Ï‚ ÎÎ¹ÎºÎ®Ï„Î±Ï‚,ÎÎ¹ÎºÎ®Ï„Î±Ï‚ ÎšÎ±ÎºÎ»Î±Î¼Î¬Î½Î·Ï‚,False,False,False
olgakef,2365419054,False,ÎšÎµÏ†Î±Î»Î¿Î³Î¹Î¬Î½Î½Î· ÎŒÎ»Î³Î±,ÎŒÎ»Î³Î± ÎšÎµÏ†Î±Î»Î¿Î³Î¹Î¬Î½Î½Î·,False,False,False
Vkikilias,54283324,False,ÎšÎ¹ÎºÎ¯Î»Î¹Î±Ï‚ Î’Î±ÏƒÎ¯Î»ÎµÎ¹Î¿Ï‚,Vassilis Kikilias,True,False,True
thanosplevris,112445908,False,Î Î»ÎµÏÏÎ·Ï‚ Î‘Î¸Î±Î½Î¬ÏƒÎ¹Î¿Ï‚,Î˜Î¬Î½Î¿Ï‚ Î Î»ÎµÏÏÎ·Ï‚,False,False,False
raptizoi,2443992852,False,Î¡Î¬Ï€Ï„Î· Î–Ï‰Î®,Î–Ï‰Î® Î¡Î¬Ï€Ï„Î·,False,False,False
RoussopoulosTh,1735479950,False,Î¡Î¿Ï…ÏƒÏŒÏ€Î¿Ï…Î»Î¿Ï‚ Î˜ÎµÏŒÎ´Ï‰ÏÎ¿Ï‚,Î˜Î¿Î´Ï‰ÏÎ®Ï‚ Î¡Î¿Ï…ÏƒÏŒÏ€Î¿Ï…Î»Î¿Ï‚,False,False,True
GKoumoutsakos,633098410,False,ÎšÎ¿Ï…Î¼Î¿Ï…Ï„ÏƒÎ¬ÎºÎ¿Ï‚ Î“ÎµÏÏÎ³Î¹Î¿Ï‚,Giorgos Koumoutsakos,True,False,True
nkerameus,435737814,False,ÎšÎµÏÎ±Î¼Î­Ï‰Ï‚ ÎÎ¯ÎºÎ·,Niki Kerameus,True,False,False
DimKairidis,2608056638,False,ÎšÎ±Î¹ÏÎ¯Î´Î·Ï‚ Î”Î·Î¼Î®Ï„ÏÎ¹Î¿Ï‚,Dimitris Kairidis - Î”Î·Î¼Î®Ï„ÏÎ·Ï‚ ÎšÎ±Î¹ÏÎ¯Î´Î·Ï‚,False,False,False
AdonisGeorgiadi,70340615,False,Î“ÎµÏ‰ÏÎ³Î¹Î¬Î´Î·Ï‚ Î†Î´Ï‰Î½Î¹Ï‚,Î†Î´Ï‰Î½Î¹Ï‚ Î“ÎµÏ‰ÏÎ³Î¹Î¬Î´Î·Ï‚,False,False,False
K_Hatzidakis,434832879,False,Î§Î±Ï„Î¶Î·Î´Î¬ÎºÎ·Ï‚ ÎšÏ‰ÏƒÏ„Î®Ï‚,Kostis Hatzidakis,True,False,False
MVarvitsiotis,60591084,False,Î’Î±ÏÎ²Î¹Ï„ÏƒÎ¹ÏÏ„Î·Ï‚ ÎœÎ¹Î»Ï„Î¹Î¬Î´Î·Ï‚,Varvitsiotis Miltiadis,True,False,False
YiannisLoverdos,2500320130,False,Î›Î¿Î²Î­ÏÎ´Î¿Ï‚ Î“Î¹Î¬Î½Î½Î·Ï‚,Î“Î¹Î±Î½Î½Î·Ï‚ Î›Î¿Î²ÎµÏÎ´Î¿Ï‚,False,False,False
kmitsotakis,14283525,False,ÎœÎ·Ï„ÏƒÎ¿Ï„Î¬ÎºÎ·Ï‚ ÎšÏ…ÏÎ¹Î¬ÎºÎ¿Ï‚,Kyriakos Mitsotakis,True,False,False
kyranakis,17132736,False,ÎšÏ…ÏÎ±Î½Î¬ÎºÎ·Ï‚ ÎšÏ‰Î½ÏƒÏ„Î±Î½Ï„Î¯Î½Î¿Ï‚,kyranakis,True,False,True
babis2019,48426854,False,Î Î±Ï€Î±Î´Î·Î¼Î·Ï„ÏÎ¯Î¿Ï… ÎœÏ€Î¬Î¼Ï€Î·Ï‚,ÎœÏ€Î¬Î¼Ï€Î·Ï‚ Î Î±Ï€Î±Î´Î·Î¼Î·Ï„ÏÎ¯Î¿Ï…,False,False,False
vspanakis,162448017,False,Î£Ï€Î±Î½Î¬ÎºÎ·Ï‚ Î Î­Ï„ÏÎ¿Ï‚,Î’Î±ÏƒÎ¯Î»Î·Ï‚ Î£Ï€Î±Î½Î¬ÎºÎ·Ï‚,False,False,True
NikosDendias,236744081,False,Î”Î­Î½Î´Î¹Î±Ï‚ Î“ÎµÏÏÎ³Î¹Î¿Ï‚,Nikos Dendias,True,False,False
Sofia_voultepsi,404193258,False,Î’Î¿ÏÎ»Ï„ÎµÏˆÎ· Î£Î¿Ï†Î¯Î±,Î£Î¿Ï†Î¯Î± Î’Î¿ÏÎ»Ï„ÎµÏˆÎ·,False,False,False
kallianos,310780249,False,ÎšÎ±Î»Î»Î¹Î¬Î½Î¿Ï‚ Î™Ï‰Î¬Î½Î½Î·Ï‚,Î“Î¹Î¬Î½Î½Î·Ï‚ ÎšÎ±Î»Î»Î¹Î¬Î½Î¿Ï‚,False,False,True
AnnaKaramanli,478754813,False,ÎšÎ±ÏÎ±Î¼Î±Î½Î»Î® Î†Î½Î½Î±,Anna Karamanli,True,False,False
htheoharis,107136186,False,Î˜ÎµÎ¿Ï‡Î¬ÏÎ·Ï‚ Î§Î¬ÏÎ·Ï‚,Harry Theoharis,True,False,True
NoniDounia,1141433832769503238,False,Î”Î¿ÏÎ½Î¹Î± ÎÏŒÎ½Î·,Noni Dounia,True,False,False
,0,False,ÎšÎ±Ï„ÏƒÎ±Ï†Î¬Î´Î¿Ï‚ ÎšÏ‰Î½ÏƒÏ„Î±Î½Ï„Î¯Î½Î¿Ï‚,,False,False,False
BoutsikakisChr,849286834337271808,False,ÎœÏ€Î¿Ï…Ï„ÏƒÎ¹ÎºÎ¬ÎºÎ·Ï‚ Î•Î¼Î¼Î±Î½Î¿Ï…Î®Î»,BoutsikakisChristoforos,True,False,True
yiannismelas,197613052,False,ÎœÎµÎ»Î¬Ï‚ Î™Ï‰Î¬Î½Î½Î·Ï‚,Î“Î¹Î¬Î½Î½Î·Ï‚ ÎœÎµÎ»Î¬Ï‚,False,False,True
manolakosnik,1246802753759952899,False,ÎœÎ±Î½Ï‰Î»Î¬ÎºÎ¿Ï‚ ÎÎ¹ÎºÏŒÎ»Î±Î¿Ï‚,ÎÎ¯ÎºÎ¿Ï‚ ÎœÎ±Î½Ï‰Î»Î¬ÎºÎ¿Ï‚,False,False,True
MarkopoulosDimi,590082909,False,ÎœÎ±ÏÎºÏŒÏ€Î¿Ï…Î»Î¿Ï‚ Î”Î·Î¼Î®Ï„ÏÎ¹Î¿Ï‚,Markopoulos Dimitris,True,False,True
GeorgiaMartinou,546281641,False,ÎœÎ±ÏÏ„Î¯Î½Î¿Ï… Î“ÎµÏ‰ÏÎ³Î¯Î±,Georgia Martinou,True,False,False
OikonomouVasili,770226983657701377,False,ÎŸÎ¹ÎºÎ¿Î½ÏŒÎ¼Î¿Ï… Î’Î±ÏƒÎ¯Î»ÎµÎ¹Î¿Ï‚,Oikonomou Vasilis,True,False,True
Vlachos_G,2613473180,False,Î’Î»Î¬Ï‡Î¿Ï‚ Î“ÎµÏÏÎ³Î¹Î¿Ï‚,Î“Î•Î©Î¡Î“Î™ÎŸÎ£ Î’Î›Î‘Î§ÎŸÎ£,False,True,False
MakisVoridis,540179903,False,Î’Î¿ÏÎ¯Î´Î·Ï‚ ÎœÎ¬ÎºÎ·Ï‚,Makis Voridis,True,False,False
athbouras,2976349222,False,ÎœÏ€Î¿ÏÏÎ±Ï‚ Î‘Î¸Î±Î½Î¬ÏƒÎ¹Î¿Ï‚,Î‘Î¸Î±Î½Î¬ÏƒÎ¹Î¿Ï‚ ÎœÏ€Î¿ÏÏÎ±Ï‚,False,False,False
giorgoskotsiras,2445790562,False,ÎšÏÏ„ÏƒÎ·ÏÎ±Ï‚ Î“ÎµÏÏÎ³Î¹Î¿Ï‚,Î“Î¹ÏÏÎ³Î¿Ï‚ ÎšÏÏ„ÏƒÎ·ÏÎ±Ï‚,False,False,True
liakosev,480344041,False,Î›Î¹Î¬ÎºÎ¿Ï‚ Î•Ï…Î¬Î³Î³ÎµÎ»Î¿Ï‚,VAGGELIS LIAKOS,True,True,True
SpiliosL,1904674254,False,Î›Î¹Î²Î±Î½ÏŒÏ‚ Î£Ï€Î®Î»Î¹Î¿Ï‚,Spilios Livanos,True,False,False
SalmasMarios,335179820,False,Î£Î±Î»Î¼Î¬Ï‚ ÎœÎ¬ÏÎ¹Î¿Ï‚,Salmas Marios,True,False,False
k_karagounis,805151138,False,ÎšÎ±ÏÎ±Î³ÎºÎ¿ÏÎ½Î·Ï‚ ÎšÏ‰Î½ÏƒÏ„Î±Î½Ï„Î¯Î½Î¿Ï‚,ÎšÏÏƒÏ„Î±Ï‚ ÎšÎ±ÏÎ±Î³ÎºÎ¿ÏÎ½Î·Ï‚,False,False,True
KostasVlasis,402714886,False,Î’Î»Î¬ÏƒÎ·Ï‚ ÎšÏ‰Î½ÏƒÏ„Î±Î½Ï„Î¯Î½Î¿Ï‚,Kostas Vlasis,True,False,True
gstylios,74694195,False,Î£Ï„ÏÎ»Î¹Î¿Ï‚ Î“ÎµÏÏÎ³Î¹Î¿Ï‚,Î“Î¹ÏÏÎ³Î¿Ï‚ Î£Ï„ÏÎ»Î¹Î¿Ï‚,False,False,True
xrisalex,93629265,False,Î‘Î»ÎµÎ¾Î¿Ï€Î¿ÏÎ»Î¿Ï… Î§ÏÎ¹ÏƒÏ„Î¯Î½Î±,Î§ÏÎ¹ÏƒÏ„Î¯Î½Î± Î‘Î»ÎµÎ¾Î¿Ï€Î¿ÏÎ»Î¿Ï…,False,False,False
katsaniotis,407091620,False,ÎšÎ±Ï„ÏƒÎ±Î½Î¹ÏÏ„Î·Ï‚ Î‘Î½Î´ÏÎ­Î±Ï‚,Î‘Î½Î´ÏÎ­Î±Ï‚ ÎšÎ±Ï„ÏƒÎ±Î½Î¹ÏÏ„Î·Ï‚,False,False,False
tsigris_angelos,409149518,False,Î¤ÏƒÎ¹Î³ÎºÏÎ®Ï‚ Î†Î³Î³ÎµÎ»Î¿Ï‚,Î†Î³Î³ÎµÎ»Î¿Ï‚ Î¤ÏƒÎ¹Î³ÎºÏÎ®Ï‚,False,False,False
IasonFotilas,3063865762,False,Î¦Ï‰Ï„Î®Î»Î±Ï‚ Î™Î¬ÏƒÏ‰Î½,Iasonas Fotilas,True,False,True
kutsubad,563969004,False,ÎšÎ¿Ï…Ï„ÏƒÎ¿ÏÎ¼Ï€Î±Ï‚ Î‘Î½Î´ÏÎ­Î±Ï‚,Î‘Î½Î´ÏÎ­Î±Ï‚ ÎšÎ¿Ï…Ï„ÏƒÎ¿ÏÎ¼Ï€Î±Ï‚,False,False,False
patsis_andreas,1010930311289556992,False,Î Î¬Ï„ÏƒÎ·Ï‚ Î‘Î½Î´ÏÎ­Î±Ï‚,Andreas Patsis,True,False,False
blouchosdrama,2973131037,False,ÎœÏ€Î»Î¿ÏÏ‡Î¿Ï‚ ÎšÏ‰Î½ÏƒÏ„Î±Î½Ï„Î¯Î½Î¿Ï‚,ÎœÏ€Î»Î¿ÏÏ‡Î¿Ï‚ ÎšÏÏƒÏ„Î±Ï‚,False,False,True
pappas_ioannis,2960720745,False,Î Î±Ï€Ï€Î¬Ï‚ Î™Ï‰Î¬Î½Î½Î·Ï‚,Î™Î©Î‘ÎÎÎ—Î£ Î Î‘Î Î Î‘Î£,False,True,False
manoskonsolas,437388094,False,ÎšÏŒÎ½ÏƒÎ¿Î»Î±Ï‚ ÎœÎ¬Î½Î¿Ï‚,Manos Konsolas,True,False,False
vnaypsilantis,410883378,False,Î¥ÏˆÎ·Î»Î¬Î½Ï„Î·Ï‚ ÎÎ¹ÎºÏŒÎ»Î±Î¿Ï‚,Vassilis Ypsilantis,True,False,True
ADimoschakis,2466630270,False,Î”Î·Î¼Î¿ÏƒÏ‡Î¬ÎºÎ·Ï‚ Î¤Î¬ÏƒÎ¿Ï‚,Î‘.Î”Î·Î¼Î¿ÏƒÏ‡Î¬ÎºÎ·Ï‚,False,False,True
keletsis,1158632932304674822,False,ÎšÎµÎ»Î­Ï„ÏƒÎ·Ï‚ Î£Ï„Î±ÏÏÎ¿Ï‚,Stavros Keletsis,True,False,False
ChrisDermen,342436250,False,Î”ÎµÏÎ¼ÎµÎ½Ï„Î¶ÏŒÏ€Î¿Ï…Î»Î¿Ï‚ Î§ÏÎ®ÏƒÏ„Î¿Ï‚,Chris Dermentzopoulos,True,False,True
SimosKedikoglou,2748749053,False,ÎšÎµÎ´Î¯ÎºÎ¿Î³Î»Î¿Ï… Î£Î¯Î¼Î¿Ï‚,Simos Kedikoglou,True,False,False
than_zebilis,1137980607496183809,False,Î–ÎµÎ¼Ï€Î¯Î»Î·Ï‚ Î‘Î¸Î±Î½Î¬ÏƒÎ¹Î¿Ï‚,Î˜Î±Î½Î±ÏƒÎ·Ï‚ Î–ÎµÎ¼Ï€Î¹Î»Î·Ï‚,False,False,True
anikolakopoulos,1325311602,False,ÎÎ¹ÎºÎ¿Î»Î±ÎºÏŒÏ€Î¿Ï…Î»Î¿Ï‚ Î‘Î½Î´ÏÎ­Î±Ï‚,Î‘Î½Î´ÏÎ­Î±Ï‚ ÎÎ¹ÎºÎ¿Î»Î±ÎºÏŒÏ€Î¿Ï…Î»Î¿Ï‚,False,False,False
Tzavaraskon,2863966079,False,Î¤Î¶Î±Î²Î¬ÏÎ±Ï‚ ÎšÏ‰Î½ÏƒÏ„Î±Î½Ï„Î¯Î½Î¿Ï‚,ÎšÏÏƒÏ„Î±Ï‚ Î¤Î¶Î±Î²Î¬ÏÎ±Ï‚,False,False,True
avgerinopoulou,142677826,False,Î‘Ï…Î³ÎµÏÎ¹Î½Î¿Ï€Î¿ÏÎ»Î¿Ï… Î˜ÎµÎ¿Î´ÏÏÎ±,Avgerinopoulou Dion,True,False,True
a_vesiropoulos,560852528,False,Î’ÎµÏƒÏ…ÏÏŒÏ€Î¿Ï…Î»Î¿Ï‚ Î‘Ï€ÏŒÏƒÏ„Î¿Î»Î¿Ï‚,Î‘Ï€ÏŒÏƒÏ„Î¿Î»Î¿Ï‚ Î’ÎµÏƒÏ…ÏÏŒÏ€Î¿Ï…Î»Î¿Ï‚,False,False,False
t_bartzokas,3410091958,False,ÎœÏ€Î±ÏÏ„Î¶ÏÎºÎ±Ï‚ Î‘Î½Î±ÏƒÏ„Î¬ÏƒÎ¹Î¿Ï‚,Î¤Î¬ÏƒÎ¿Ï‚ ÎœÏ€Î±ÏÏ„Î¶ÏÎºÎ±Ï‚,False,False,True
LazarosTsavdar1,3313931657,False,Î¤ÏƒÎ±Î²Î´Î±ÏÎ¯Î´Î·Ï‚ Î›Î¬Î¶Î±ÏÎ¿Ï‚,Lazaros Tsavdaridis,True,False,False
maxsenetakis,404869413,False,Î£ÎµÎ½ÎµÏ„Î¬ÎºÎ·Ï‚ ÎœÎ¬Î¾Î¹Î¼Î¿Ï‚,ÎœÎ¬Î¾Î¹Î¼Î¿Ï‚ Î£ÎµÎ½ÎµÏ„Î¬ÎºÎ·Ï‚,False,False,False
l_avgenakis,706861315344748545,False,Î‘Ï…Î³ÎµÎ½Î¬ÎºÎ·Ï‚ Î•Î»ÎµÏ…Î¸Î­ÏÎ¹Î¿Ï‚,Lefteris Avgenakis,True,False,True
giogiakasv,907708101872283649,False,Î“Î¹ÏŒÎ³Î¹Î±ÎºÎ±Ï‚ Î’Î±ÏƒÎ¯Î»ÎµÎ¹Î¿Ï‚,Î’Î±ÏƒÎ¯Î»ÎµÎ¹Î¿Ï‚ Î“Î¹ÏŒÎ³Î¹Î±ÎºÎ±Ï‚,False,False,False
gioulekaskostas,190278613,False,Î“ÎºÎ¹Î¿Ï…Î»Î­ÎºÎ±Ï‚ ÎšÏ‰Î½ÏƒÏ„Î±Î½Ï„Î¯Î½Î¿Ï‚,ÎšÏÏƒÏ„Î±Ï‚ Î“ÎºÎ¹Î¿Ï…Î»Î­ÎºÎ±Ï‚,False,False,True
KalafatisSt,484702915,False,ÎšÎ±Î»Î±Ï†Î¬Ï„Î·Ï‚ Î£Ï„Î±ÏÏÎ¿Ï‚,Stavros Kalafatis,True,False,False
AnnaEfthymiou_,529702286,False,Î•Ï…Î¸Ï…Î¼Î¯Î¿Ï… Î†Î½Î½Î±,Î†Î½Î½Î± Î•Ï…Î¸Ï…Î¼Î¯Î¿Ï…,False,False,False
efsimopoulos,110670092,False,Î£Î¹Î¼ÏŒÏ€Î¿Ï…Î»Î¿Ï‚ Î£Ï„ÏÎ¬Ï„Î¿Ï‚,Stratos Simopoulos,True,False,False
Elena_Rapti,70973903,False,Î¡Î¬Ï€Ï„Î· Î•Î»Î­Î½Î·,Elena Rapti,True,False,False
DKouvelas,253261560,False,ÎšÎ¿ÏÎ²ÎµÎ»Î±Ï‚ Î”Î·Î¼Î®Ï„ÏÎ¹Î¿Ï‚,Dimitris Kouvelas,True,False,True
TheoKaraoglou,393292109,False,ÎšÎ±ÏÎ¬Î¿Î³Î»Î¿Ï… Î˜ÎµÏŒÎ´Ï‰ÏÎ¿Ï‚,Theodoros Karaoglou,True,False,False
DimVartzopoulos,927913279,False,Î’Î±ÏÏ„Î¶ÏŒÏ€Î¿Ï…Î»Î¿Ï‚ Î”Î·Î¼Î®Ï„ÏÎ¹Î¿Ï‚,Vartzopoulos,True,False,True
savanastasiadis,852566696,False,Î‘Î½Î±ÏƒÏ„Î±ÏƒÎ¹Î¬Î´Î·Ï‚ Î£Î¬Î²Î²Î±Ï‚,Î£Î¬Î²Î²Î±Ï‚ Î‘Î½Î±ÏƒÏ„Î±ÏƒÎ¹Î¬Î´Î·Ï‚,False,False,False
amirasgiorgos,75256329,False,Î‘Î¼Ï…ÏÎ¬Ï‚ Î“ÎµÏÏÎ³Î¹Î¿Ï‚,Î“Î¹ÏÏÎ³Î¿Ï‚ Î‘Î¼Ï…ÏÎ¬Ï‚,False,False,True
npanagioto,2892644871,False,Î Î±Î½Î±Î³Î¹Ï‰Ï„ÏŒÏ€Î¿Ï…Î»Î¿Ï‚ ÎÎ¹ÎºÏŒÎ»Î±Î¿Ï‚,N Panagiotopoulos,True,False,False
pasxalidisjohn,557882540,False,Î Î±ÏƒÏ‡Î±Î»Î¯Î´Î·Ï‚ Î™Ï‰Î¬Î½Î½Î·Ï‚,Î“Î¹Î¬Î½Î½Î·Ï‚ Î Î±ÏƒÏ‡Î±Î»Î¯Î´Î·Ï‚,False,False,True
mvlazaridis,189807100,False,Î›Î±Î¶Î±ÏÎ¯Î´Î·Ï‚ ÎœÎ±ÎºÎ¬ÏÎ¹Î¿Ï‚,ÎœÎ±ÎºÎ¬ÏÎ¹Î¿Ï‚ Î›Î±Î¶Î±ÏÎ¯Î´Î·Ï‚ ğŸ‡¬ğŸ‡·,False,False,False
KotsosGiorgos,1161045320400343040,False,ÎšÏ‰Ï„ÏƒÏŒÏ‚ Î“ÎµÏÏÎ³Î¹Î¿Ï‚,Giorgos Kotsos,True,False,True
AsiminaSkondra,1466870311,False,Î£ÎºÏŒÎ½Î´ÏÎ± Î‘ÏƒÎ·Î¼Î¯Î½Î±,Î‘ÏƒÎ·Î¼Î¯Î½Î± Î£ÎºÏŒÎ½Î´ÏÎ±,False,False,False
tsiaras_kostas,974974055731355654,False,Î¤ÏƒÎ¹Î¬ÏÎ±Ï‚ ÎšÏ‰Î½ÏƒÏ„Î±Î½Ï„Î¯Î½Î¿Ï‚,Kostas Tsiaras,True,False,True
STEFANOS_GIKAS,395206721,False,Î“ÎºÎ¯ÎºÎ±Ï‚ Î£Ï„Î­Ï†Î±Î½Î¿Ï‚,Î£Î¤Î•Î¦Î‘ÎÎŸÎ£ Î“ÎšÎ™ÎšÎ‘Î£,False,True,False
pkappatos,1173581893079576580,False,ÎšÎ±Ï€Ï€Î¬Ï„Î¿Ï‚ Î Î±Î½Î±Î³Î®Ï‚,Î Î±Î½Î±Î³Î®Ï‚ ÎšÎ±Ï€Ï€Î¬Ï„Î¿Ï‚,False,False,False
georgantasgr,1150728876424867840,False,Î“ÎµÏ‰ÏÎ³Î±Î½Ï„Î¬Ï‚ Î“ÎµÏÏÎ³Î¹Î¿Ï‚,Georgios Georgantas,True,False,True
Vrizidou_Vicky,1734838562,False,Î’ÏÏ…Î¶Î¯Î´Î¿Ï… Î Î±ÏÎ±ÏƒÎºÎµÏ…Î®,Î Î±ÏÎ±ÏƒÎºÎµÏ…Î® Î’ÏÏ…Î¶Î¯Î´Î¿Ï…,False,False,False
amanatidis_g,1205419430781628416,False,Î‘Î¼Î±Î½Î±Ï„Î¯Î´Î·Ï‚ Î“ÎµÏÏÎ³Î¹Î¿Ï‚,Giorgos Amanatidis,True,False,True
PapadopoulosMix,547869595,False,Î Î±Ï€Î±Î´ÏŒÏ€Î¿Ï…Î»Î¿Ï‚ ÎœÎ¹Ï‡Î¬Î»Î·Ï‚,Mixalis Papadopoulos,True,False,False
Stathis_Konst,557560811,False,ÎšÏ‰Î½ÏƒÏ„Î±Î½Ï„Î¹Î½Î¯Î´Î·Ï‚ Î•Ï…ÏƒÏ„Î¬Î¸Î¹Î¿Ï‚,S K. Konstantinidis,True,False,True
msoukouli,532337898,False,Î£Î¿ÏÎºÎ¿Ï…Î»Î· ÎœÎ±ÏÎ¹Î»Î­Î½Î±,ÎœÎ±ÏÎ¹Î»Î­Î½Î± Î£Î¿ÏÎºÎ¿Ï…Î»Î· Î’Î¹Î»Î¹Î±Î»Î·,False,False,False
TagarasNikos,552151981,False,Î¤Î±Î³Î±ÏÎ¬Ï‚ ÎÎ¹ÎºÏŒÎ»Î±Î¿Ï‚,ÎÎ¯ÎºÎ¿Ï‚ Î¤Î±Î³Î±ÏÎ¬Ï‚,False,False,True
ChristosDimas_,491550694,False,Î”Î®Î¼Î±Ï‚ Î§ÏÎ¯ÏƒÏ„Î¿Ï‚,Î§ÏÎ¯ÏƒÏ„Î¿Ï‚ Î”Î®Î¼Î±Ï‚,False,False,False
VroutsisGiannis,3064827747,False,Î’ÏÎ¿ÏÏ„ÏƒÎ·Ï‚ Î™Ï‰Î¬Î½Î½Î·Ï‚,Yiannis Vroutsis,True,False,True
MonogiouKateri1,1140269473397694471,False,ÎœÎ¿Î½Î¿Î³Ï…Î¹Î¿Ï Î‘Î¹ÎºÎ±Ï„ÎµÏÎ¯Î½Î·,Monogiou Katerina,True,False,True
neokliskritikos,1139451418975330305,False,ÎšÏÎ·Ï„Î¹ÎºÏŒÏ‚ ÎÎµÎ¿ÎºÎ»Î®Ï‚,ÎÎµÎ¿ÎºÎ»Î®Ï‚ ÎšÏÎ¹Ï„Î¹ÎºÏŒÏ‚,False,False,False
adavakis,444707209,False,Î”Î±Î²Î¬ÎºÎ·Ï‚ Î‘Î¸Î±Î½Î¬ÏƒÎ¹Î¿Ï‚,Î˜Î±Î½Î¬ÏƒÎ·Ï‚ Î . Î”Î±Î²Î¬ÎºÎ·Ï‚,False,False,True
kellas_xristos,545356505,False,ÎšÎ­Î»Î»Î±Ï‚ Î§ÏÎ®ÏƒÏ„Î¿Ï‚,ÎšÎ­Î»Î»Î±Ï‚ Î§ÏÎ®ÏƒÏ„Î¿Ï‚,False,False,False
BiziouStella,759834368168910849,False,ÎœÏ€Î¯Î¶Î¹Î¿Ï… Î£Ï„Î­Î»Î»Î±,BiziouStella,True,False,True
pantamaximos,2969916503,False,Î§Î±ÏÎ±ÎºÏŒÏ€Î¿Ï…Î»Î¿Ï‚ ÎœÎ¬Î¾Î¹Î¼Î¿Ï‚,ÎœÎ¬Î¾Î¹Î¼Î¿Ï‚ Î§Î±ÏÎ±ÎºÏŒÏ€Î¿Ï…Î»Î¿Ï‚,False,False,False
G_Plakiotakis,558383750,False,Î Î»Î±ÎºÎ¹Ï‰Ï„Î¬ÎºÎ·Ï‚ Î™Ï‰Î¬Î½Î½Î·Ï‚,Giannis Plakiotakis,True,False,True
XarAthan,2840171877,False,Î‘Î¸Î±Î½Î±ÏƒÎ¯Î¿Ï… Î§Î±ÏÎ¬Î»Î±Î¼Ï€Î¿Ï‚,Î§Î±ÏÎ¬Î»Î±Î¼Ï€Î¿Ï‚ Î‘Î¸Î±Î½Î±ÏƒÎ¯Î¿Ï…,False,False,False
chboukoros1,982264362,False,ÎœÏ€Î¿Ï…ÎºÏÏÎ¿Ï‚ Î§ÏÎ®ÏƒÏ„Î¿Ï‚,ÎœÏ€Î¿Ï…ÎºÏÏÎ¿Ï‚ Î§ÏÎ®ÏƒÏ„Î¿Ï‚,False,False,False
maravegiaskost,2959151806,False,ÎœÎ±ÏÎ±Î²Î­Î³Î¹Î±Ï‚ ÎšÏ‰Î½ÏƒÏ„Î±Î½Ï„Î¯Î½Î¿Ï‚,maravegiaskostas,True,False,True
ZettaMakri,2783917512,False,ÎœÎ±ÎºÏÎ® Î–Î­Ï„Ï„Î±,Î–Î­Ï„Ï„Î± Îœ. ÎœÎ±ÎºÏÎ®,False,False,False
periklismantas,196941064,False,ÎœÎ±Î½Ï„Î¬Ï‚ Î ÎµÏÎ¹ÎºÎ»Î®Ï‚,Î ÎµÏÎ¹ÎºÎ»Î®Ï‚ ÎœÎ±Î½Ï„Î¬Ï‚,False,False,False
samaras_antonis,83656002,False,Î£Î±Î¼Î±ÏÎ¬Ï‚ Î‘Î½Ï„ÏÎ½Î¹Î¿Ï‚,Î£Î±Î¼Î±ÏÎ¬Ï‚ Î‘Î½Ï„ÏÎ½Î·Ï‚,False,False,True
chrysomallism,3405878033,False,Î§ÏÏ…ÏƒÎ¿Î¼Î¬Î»Î»Î·Ï‚ ÎœÎ¯Î»Ï„Î¿Ï‚,Miltos Chrysomallis,True,False,False
dionstamenitis,559643881,False,Î£Ï„Î±Î¼ÎµÎ½Î¯Ï„Î·Ï‚ Î”Î¹Î¿Î½ÏÏƒÎ¹Î¿Ï‚,Î”Î¹Î¿Î½ÏÏƒÎ·Ï‚ Î£Ï„Î±Î¼ÎµÎ½Î¯Ï„Î·Ï‚,False,False,False
lakis_vas,961619128237940736,False,Î’Î±ÏƒÎ¹Î»ÎµÎ¹Î¬Î´Î·Ï‚ Î›Î¬ÎºÎ·Ï‚,Lakis Vasileiadis,True,False,False
fbaraliakos,340183590,False,ÎœÏ€Î±ÏÎ±Î»Î¹Î¬ÎºÎ¿Ï‚ Î¦ÏÎ½Ï„Î±Ï‚,Fontas Baraliakos,True,False,False
HionidisSavvas,888762865,False,Î§Î¹Î¿Î½Î¯Î´Î·Ï‚ Î£Î¬Î²Î²Î±Ï‚,Savvas Chionidis,True,False,False
,0,False,Î“Î¹Î±Î½Î½Î¬ÎºÎ·Ï‚ Î£Ï„Î­ÏÎ³Î¹Î¿Ï‚,,False,False,False
gkefalogiannis,562182659,False,ÎšÎµÏ†Î±Î»Î¿Î³Î¹Î¬Î½Î½Î·Ï‚ Î™Ï‰Î¬Î½Î½Î·Ï‚,GiannisKefalogiannis,True,False,True
e_stylianidis,1614767336,False,Î£Ï„Ï…Î»Î¹Î±Î½Î¯Î´Î·Ï‚ Î•Ï…ÏÎ¹Ï€Î¯Î´Î·Ï‚,Î•Ï…Ï. Î£Ï„Ï…Î»Î¹Î±Î½Î¯Î´Î·Ï‚,False,False,True
ChStefanadis,849094652,False,Î£Ï„ÎµÏ†Î±Î½Î¬Î´Î·Ï‚ Î§ÏÎ¹ÏƒÏ„ÏŒÎ´Î¿Ï…Î»Î¿Ï‚,Ch Stefanadis,True,False,True
The_Leontaridis,540694975,False,Î›ÎµÎ¿Î½Ï„Î±ÏÎ¯Î´Î·Ï‚ Î˜ÎµÏŒÏ†Î¹Î»Î¿Ï‚,Î˜ÎµÏŒÏ†Î¹Î»Î¿Ï‚ Î›ÎµÎ¿Î½Ï„Î±ÏÎ¯Î´Î·Ï‚,False,False,False
karamanlis_k,1156609842888552448,False,ÎšÎ±ÏÎ±Î¼Î±Î½Î»Î®Ï‚ ÎšÏ‰Î½ÏƒÏ„Î±Î½Ï„Î¯Î½Î¿Ï‚,ÎšÏÏƒÏ„Î±Ï‚ ÎšÎ±ÏÎ±Î¼Î±Î½Î»Î®Ï‚,False,False,True
ArampatziFotini,537431019,False,Î‘ÏÎ±Î¼Ï€Î±Ï„Î¶Î® Î¦Ï‰Ï„ÎµÎ¹Î½Î®,Fotini Arampatzi,True,False,False
tasos_chatziv,474756525,False,Î§Î±Ï„Î¶Î·Î²Î±ÏƒÎ¹Î»ÎµÎ¯Î¿Ï… Î¤Î¬ÏƒÎ¿Ï‚,Tasos Chatzivasileiou,True,False,False
KostasSkrekas,3041226449,False,Î£ÎºÏÎ­ÎºÎ±Ï‚ ÎšÏ‰Î½ÏƒÏ„Î±Î½Ï„Î¯Î½Î¿Ï‚,Kostas Skrekas,True,False,True
papakostakater,1134005835452076033,False,Î Î±Ï€Î±ÎºÏÏƒÏ„Î± ÎšÎ±Ï„ÎµÏÎ¯Î½Î±,ÎšÎ‘Î¤Î•Î¡Î™ÎÎ‘ Î Î‘Î Î‘ÎšÎ©Î£Î¤Î‘ - Î Î‘Î›Î™ÎŸÎ¥Î¡Î‘,False,False,False
joikonomou,265981780,False,ÎŸÎ¹ÎºÎ¿Î½ÏŒÎ¼Î¿Ï… Î™Ï‰Î¬Î½Î½Î·Ï‚,Î“Î¹Î¬Î½Î½Î·Ï‚ ÎŸÎ¹ÎºÎ¿Î½ÏŒÎ¼Î¿Ï…,False,False,True
cstaikouras,84853888,False,Î£Ï„Î±ÏŠÎºÎ¿ÏÏÎ±Ï‚ Î§ÏÎ®ÏƒÏ„Î¿Ï‚,Christos Staikouras,True,False,False
T_Cheimaras,2181688916,False,Î§ÎµÎ¹Î¼Î¬ÏÎ±Ï‚ Î˜Î­Î¼Î·Ï‚,Themis Cheimaras,True,False,False
GIANNISFLORINA,779274745854451713,False,Î‘Î½Ï„Ï‰Î½Î¹Î¬Î´Î·Ï‚ Î™Ï‰Î¬Î½Î½Î·Ï‚,GIANNIS ANTONIADIS,True,True,True
ioannis_mpougas,947930930202673153,False,ÎœÏ€Î¿ÏÎ³Î±Ï‚ Î™Ï‰Î¬Î½Î½Î·Ï‚,Î™Ï‰Î¬Î½Î½Î·Ï‚ ÎœÏ€Î¿ÏÎ³Î±Ï‚,False,False,False
GVagionas,2955647698,False,Î’Î±Î³Î¹Ï‰Î½Î¬Ï‚ Î“ÎµÏÏÎ³Î¹Î¿Ï‚,George Vagionas,True,False,True
vdigalakis,2245911122,False,Î”Î¹Î³Î±Î»Î¬ÎºÎ·Ï‚ Î’Î±ÏƒÎ¯Î»ÎµÎ¹Î¿Ï‚,Î’Î±ÏƒÎ¯Î»Î·Ï‚ Î”Î¹Î³Î±Î»Î¬ÎºÎ·Ï‚,False,False,True
Dora_Bakoyannis,13766852,False,ÎœÏ€Î±ÎºÎ¿Î³Î¹Î¬Î½Î½Î· ÎÏ„ÏŒÏÎ±,ÎÏ„ÏŒÏÎ± ÎœÏ€Î±ÎºÎ¿Î³Î¹Î¬Î½Î½Î·,False,False,False
MVoloudakis,21152451,False,Î’Î¿Î»Î¿Ï…Î´Î¬ÎºÎ·Ï‚ ÎšÏ‰Î½ÏƒÏ„Î±Î½Ï„Î¯Î½Î¿Ï‚,ÎœÎ±Î½Î¿ÏÏƒÎ¿Ï‚ Î’Î¿Î»Î¿Ï…Î´Î¬ÎºÎ·Ï‚,False,False,True
nmitarakis,250518647,False,ÎœÎ·Ï„Î±ÏÎ¬ÎºÎ·Ï‚ ÎÏŒÏ„Î·Ï‚,ÎÏŒÏ„Î·Ï‚ ÎœÎ·Ï„Î±ÏÎ¬ÎºÎ·Ï‚ - Notis Mitarachi,False,False,False
E_Achtsioglou,1051860153191096321,False,Î‘Ï‡Ï„ÏƒÎ¹ÏŒÎ³Î»Î¿Ï… Î•Ï…Ï„Ï…Ï‡Î¯Î±,ÎˆÏ†Î· Î‘Ï‡Ï„ÏƒÎ¹ÏŒÎ³Î»Î¿Ï…,False,False,True
pskourl,408566492,False,Î£ÎºÎ¿Ï…ÏÎ»Î­Ï„Î·Ï‚ Î Î¬Î½Î¿Ï‚,Panos Skourletis,True,False,False
nikosfilis1,2969679155,False,Î¦Î¯Î»Î·Ï‚ ÎÎ¹ÎºÏŒÎ»Î±Î¿Ï‚,ÎÎ¯ÎºÎ¿Ï‚ Î¦Î¯Î»Î·Ï‚,False,False,True
d_tzanakopoulos,801812686954725377,False,Î¤Î¶Î±Î½Î±ÎºÏŒÏ€Î¿Ï…Î»Î¿Ï‚ Î”Î·Î¼Î®Ï„ÏÎ¹Î¿Ï‚,Î”Î·Î¼Î®Ï„ÏÎ·Ï‚ Î¤Î¶Î±Î½Î±ÎºÏŒÏ€Î¿Ï…Î»Î¿Ï‚,False,False,True
ChVernardakis,801796590117801984,False,Î’ÎµÏÎ½Î±ÏÎ´Î¬ÎºÎ·Ï‚ Î§ÏÎ¹ÏƒÏ„ÏŒÏ†Î¿ÏÎ¿Ï‚,Î§Ï.Î’ÎµÏÎ½Î±ÏÎ´Î¬ÎºÎ·Ï‚,False,False,True
CZachariadis,204069781,False,Î–Î±Ï‡Î±ÏÎ¹Î¬Î´Î·Ï‚ ÎšÏ‰Î½ÏƒÏ„Î±Î½Ï„Î¯Î½Î¿Ï‚,Costas  Zachariadis,True,False,True
gkatr,42008209,False,ÎšÎ±Ï„ÏÎ¿ÏÎ³ÎºÎ±Î»Î¿Ï‚ Î“ÎµÏÏÎ³Î¹Î¿Ï‚,George Katrougalos,True,False,True
marilizaxen,1224671498,False,ÎÎµÎ½Î¿Î³Î¹Î±Î½Î½Î±ÎºÎ¿Ï€Î¿ÏÎ»Î¿Ï… ÎœÎ±ÏÎ¹Î»Î¯Î¶Î±,M Xenogiannakopoulou,True,False,True
tsakalotos,2975032769,False,Î¤ÏƒÎ±ÎºÎ±Î»ÏÏ„Î¿Ï‚ Î•Ï…ÎºÎ»ÎµÎ¯Î´Î·Ï‚,Î•Ï…ÎºÎ»ÎµÎ¯Î´Î·Ï‚ Î¤ÏƒÎ±ÎºÎ±Î»ÏÏ„Î¿Ï‚ | Euclid Tsakalotos,False,False,False
PapachristTh,546169921,False,Î Î±Ï€Î±Ï‡ÏÎ¹ÏƒÏ„ÏŒÏ€Î¿Ï…Î»Î¿Ï‚ Î˜Î±Î½Î¬ÏƒÎ·Ï‚,Î Î±Ï€Î±Ï‡ÏÎ¹ÏƒÏ„ÏŒÏ€Î¿Ï…Î»Î¿Ï‚ Î˜.,False,False,True
YDragasakis,806736306,False,Î”ÏÎ±Î³Î±ÏƒÎ¬ÎºÎ·Ï‚ Î™Ï‰Î¬Î½Î½Î·Ï‚,Î“Î¹Î¬Î½Î½Î·Ï‚ Î”ÏÎ±Î³Î±ÏƒÎ¬ÎºÎ·Ï‚,False,False,True
dimitrisvitsas,4031768219,False,Î’Î¯Ï„ÏƒÎ±Ï‚ Î”Î·Î¼Î®Ï„ÏÎ¹Î¿Ï‚,Î”Î·Î¼Î®Ï„ÏÎ·Ï‚ Î’Î¯Ï„ÏƒÎ±Ï‚,False,False,False
nikospappas16,403331236,False,Î Î±Ï€Ï€Î¬Ï‚ ÎÎ¹ÎºÏŒÎ»Î±Î¿Ï‚,ÎÎ¯ÎºÎ¿Ï‚ Î Î±Ï€Ï€Î¬Ï‚,False,False,True
imouzalas,4187615537,False,ÎœÎ¿Ï…Î¶Î¬Î»Î±Ï‚ Î™Ï‰Î¬Î½Î½Î·Ï‚,Ioannis Mouzalas,True,False,True
ybalafas,1728198787,False,ÎœÏ€Î±Î»Î¬Ï†Î±Ï‚ Î™Ï‰Î¬Î½Î½Î·Ï‚,Balafas Yiannis,True,False,True
TheanoFotiou,631973249,False,Î¦Ï‰Ï„Î¯Î¿Ï… Î˜ÎµÎ±Î½Ï,Î˜ÎµÎ±Î½Ï Î¦Ï‰Ï„Î¯Î¿Ï…,False,False,False
Ral_Christidou,171176245,False,Î§ÏÎ·ÏƒÏ„Î¯Î´Î¿Ï… Î¡Î±Î»Î»Î¯Î±,Rallia Christidou,True,False,False
ninakasimati,267790532,False,ÎšÎ±ÏƒÎ¹Î¼Î¬Ï„Î· ÎÎ¯Î½Î±,ÎÎ¯Î½Î± Î“. ÎšÎ±ÏƒÎ¹Î¼Î¬Ï„Î·,False,False,False
gragkousis,370616013,False,Î¡Î±Î³ÎºÎ¿ÏÏƒÎ·Ï‚ Î™Ï‰Î¬Î½Î½Î·Ï‚,Giannis Ragkousis,True,False,True
PanosSkourolia1,3936923243,False,Î£ÎºÎ¿Ï…ÏÎ¿Î»Î¹Î¬ÎºÎ¿Ï‚ Î Î¬Î½Î¿Ï‚,Panos Skouroliakos,True,False,False
c_spirtzis,758622915965444096,False,Î£Ï€Î¯ÏÏ„Î¶Î·Ï‚ Î§ÏÎ®ÏƒÏ„Î¿Ï‚,Î§ÏÎ®ÏƒÏ„Î¿Ï‚ Î£Ï€Î¯ÏÏ„Î¶Î·Ï‚,False,False,False
nasosa8anasiou,965785002,False,Î‘Î¸Î±Î½Î±ÏƒÎ¯Î¿Ï… ÎÎ¬ÏƒÎ¿Ï‚,ÎÎ¬ÏƒÎ¿Ï‚ Î‘Î¸Î±Î½Î±ÏƒÎ¯Î¿Ï…,False,False,False
giorgostsipras,2960910021,False,Î¤ÏƒÎ¯Ï€ÏÎ±Ï‚ Î“ÎµÏÏÎ³Î¹Î¿Ï‚,Î“Î¹ÏÏÎ³Î¿Ï‚ Î¤ÏƒÎ¯Ï€ÏÎ±Ï‚,False,False,True
GVaremenos,1179294218088599552,False,Î’Î±ÏÎµÎ¼Î­Î½Î¿Ï‚ Î“ÎµÏÏÎ³Î¹Î¿Ï‚,Giorgos Varemenos,True,False,True
thanos_moraitis,404205439,False,ÎœÏ‰ÏÎ±ÎÏ„Î·Ï‚ Î˜Î¬Î½Î¿Ï‚,Î˜Î¬Î½Î¿Ï‚ ÎœÏ‰ÏÎ±ÎÏ„Î·Ï‚,False,False,False
olgagerovasili,2786227298,False,Î“ÎµÏÎ¿Î²Î±ÏƒÎ¯Î»Î· ÎŒÎ»Î³Î±,ÎŒÎ»Î³Î± Î“ÎµÏÎ¿Î²Î±ÏƒÎ¯Î»Î·,False,False,False
sia_anag,2427879955,False,Î‘Î½Î±Î³Î½Ï‰ÏƒÏ„Î¿Ï€Î¿ÏÎ»Î¿Ï… Î£Î¯Î±,Î£Î¯Î± Î‘Î½Î±Î³Î½Ï‰ÏƒÏ„Î¿Ï€Î¿ÏÎ»Î¿Ï…,False,False,False
atsipras,334602996,False,Î¤ÏƒÎ¯Ï€ÏÎ±Ï‚ Î‘Î»Î­Î¾Î¹Î¿Ï‚,Î‘Î»Î­Î¾Î·Ï‚ Î¤ÏƒÎ¯Ï€ÏÎ±Ï‚ - Alexis Tsipras,False,False,True
GIOTAPOULOU,567066109,False,Î Î¿ÏÎ»Î¿Ï… Î“Î¹ÏÏ„Î±,Î“Î™Î©Î¤Î‘ Î ÎŸÎ¥Î›ÎŸÎ¥,False,True,False
Xanthopoulosth,1192464378240614400,False,ÎÎ±Î½Î¸ÏŒÏ€Î¿Ï…Î»Î¿Ï‚ Î˜ÎµÏŒÏ†Î¹Î»Î¿Ï‚,Î˜ÎµÏŒÏ†Î¹Î»Î¿Ï‚ ÎÎ±Î½Î¸ÏŒÏ€Î¿Ï…Î»Î¿Ï‚,False,False,False
nectarsant,17991384,False,Î£Î±Î½Ï„Î¿ÏÎ¹Î½Î¹ÏŒÏ‚ ÎÎµÎºÏ„Î¬ÏÎ¹Î¿Ï‚,ÎÎµÎºÏ„Î¬ÏÎ¹Î¿Ï‚ Î£Î±Î½Ï„Î¿ÏÎ¹Î½Î¹ÏŒÏ‚,False,False,False
NatasaGkara,583853188,False,Î“ÎºÎ±ÏÎ¬ ÎÎ±Ï„Î¬ÏƒÎ±,Natasa Gkara,True,False,False
vag_apos,961900635913424896,False,Î‘Ï€Î¿ÏƒÏ„ÏŒÎ»Î¿Ï… Î•Ï…Î¬Î³Î³ÎµÎ»Î¿Ï‚,Î’Î±Î³Î³Î­Î»Î·Ï‚ Î‘Ï€Î¿ÏƒÏ„ÏŒÎ»Î¿Ï…,False,False,True
dckalamatianos,2952906353,False,ÎšÎ±Î»Î±Î¼Î±Ï„Î¹Î±Î½ÏŒÏ‚ Î”Î¹Î¿Î½ÏÏƒÎ¹Î¿Ï‚-Î§Î±ÏÎ¬Î»Î±Î¼Ï€Î¿Ï‚,DionysisKalamatianos,True,False,True
FKarasarlidou,3105268391,False,ÎšÎ±ÏÎ±ÏƒÎ±ÏÎ»Î¯Î´Î¿Ï… Î¦ÏÏŒÏƒÏ‰,Froso Karasarlidou,True,False,False
IgoumenidisN,907201823613837312,False,Î—Î³Î¿Ï…Î¼ÎµÎ½Î¯Î´Î·Ï‚ ÎÎ¹ÎºÏŒÎ»Î±Î¿Ï‚,ÎÎ¯ÎºÎ¿Ï‚ Î•. Î—Î³Î¿Ï…Î¼ÎµÎ½Î¯Î´Î·Ï‚,False,False,True
sokrvardakis,773986323422146561,False,Î’Î±ÏÎ´Î¬ÎºÎ·Ï‚ Î£Ï‰ÎºÏÎ¬Ï„Î·Ï‚,Î£Ï‰ÎºÏÎ¬Ï„Î·Ï‚ Î’Î±ÏÎ´Î¬ÎºÎ·Ï‚,False,False,False
Mamoulakis,823985090925576194,False,ÎœÎ±Î¼Î¿Ï…Î»Î¬ÎºÎ·Ï‚ Î§Î¬ÏÎ·Ï‚,Î§Î¬ÏÎ·Ï‚ ÎœÎ±Î¼Î¿Ï…Î»Î¬ÎºÎ·Ï‚,False,False,False
marios_katsis,3325625573,False,ÎšÎ¬Ï„ÏƒÎ·Ï‚ ÎœÎ¬ÏÎ¹Î¿Ï‚,Marios Katsis,True,False,False
giannoul,359478003,False,Î“Î¹Î±Î½Î½Î¿ÏÎ»Î·Ï‚ Î§ÏÎ®ÏƒÏ„Î¿Ï‚,Î§ÏÎ®ÏƒÏ„Î¿Ï‚ Î“Î¹Î±Î½Î½Î¿ÏÎ»Î·Ï‚,False,False,False
Amanatidis_Gian,2192270316,False,Î‘Î¼Î±Î½Î±Ï„Î¯Î´Î·Ï‚ Î™Ï‰Î¬Î½Î½Î·Ï‚,Giannis Amanatidis,True,False,True
katenotopoulou,983983199012425728,False,ÎÎ¿Ï„Î¿Ï€Î¿ÏÎ»Î¿Ï… ÎšÎ±Ï„ÎµÏÎ¯Î½Î±,ÎšÎ±Ï„ÎµÏÎ¯Î½Î± ÎÎ¿Ï„Î¿Ï€Î¿ÏÎ»Î¿Ï…,False,False,False
tr_alexandros,2662790664,False,Î¤ÏÎ¹Î±Î½Ï„Î±Ï†Ï…Î»Î»Î¯Î´Î·Ï‚ Î‘Î»Î­ÎºÎ¿Ï‚,Î‘Î»Î­Î¾Î±Î½Î´ÏÎ¿Ï‚ Î¤ÏÎ¹Î±Î½Ï„Î±Ï†Ï…Î»Î»Î¯Î´Î·Ï‚,False,False,True
SFamellos,3034441257,False,Î¦Î¬Î¼ÎµÎ»Î»Î¿Ï‚ Î£Ï‰ÎºÏÎ¬Ï„Î·Ï‚,Sokratis Famellos,True,False,False
davgeri,357631685,False,Î‘Ï…Î³Î­ÏÎ· Î”ÏÏÎ±,THEODORA AVGERI,True,True,True
meropitzoufi,3096944951,False,Î¤Î¶Î¿ÏÏ†Î· ÎœÎµÏÏŒÏ€Î·,Meropi Tzoufi,True,False,False
teleftheriadou,1293462895842545664,False,Î•Î»ÎµÏ…Î¸ÎµÏÎ¹Î¬Î´Î¿Ï… Î£Î¿Ï…Î»Ï„Î¬Î½Î±,Î¤Î¬Î½Î¹Î± Î•Î»ÎµÏ…Î¸ÎµÏÎ¹Î¬Î´Î¿Ï…,False,False,True
spyroslappas1,1232684640202317825,False,Î›Î¬Ï€Ï€Î±Ï‚ Î£Ï€Ï…ÏÎ¯Î´Ï‰Î½Î±Ï‚,Î£Ï€ÏÏÎ¿Ï‚ Î›Î¬Ï€Ï€Î±Ï‚,False,False,True
teligioridou,1057566665595076608,False,Î¤ÎµÎ»Î¹Î³Î¹Î¿ÏÎ¯Î´Î¿Ï… ÎŸÎ»Ï…Î¼Ï€Î¯Î±,ÎŸÎ»Ï…Î¼Ï€Î¯Î± Î¤ÎµÎ»Î¹Î³Î¹Î¿ÏÎ¯Î´Î¿Ï…,False,False,False
a_avlonitis,1161547840449130497,False,Î‘Ï…Î»Ï‰Î½Î¯Ï„Î·Ï‚ Î§ÏÎ®ÏƒÏ„Î¿Ï‚,Î‘Î»Î­Î¾Î±Î½Î´ÏÎ¿Ï‚ Î‘Ï…Î»Ï‰Î½Î¯Ï„Î·Ï‚,False,False,True
iriniagath,487731215,False,Î‘Î³Î±Î¸Î¿Ï€Î¿ÏÎ»Î¿Ï… Î•Î¹ÏÎ®Î½Î·-Î•Î»Î­Î½Î·,Î•Î¹ÏÎ·Î½Î· Î‘Î³Î±Î¸Î¿Ï€Î¿Ï…Î»Î¿Ï…,False,False,False
g_psychogios,3100185977,False,Î¨Ï…Ï‡Î¿Î³Î¹ÏŒÏ‚ Î“ÎµÏÏÎ³Î¹Î¿Ï‚,Giorgos Psychogios,True,False,True
syrmal2000,349090550,False,Î£Ï…ÏÎ¼Î±Î»Î­Î½Î¹Î¿Ï‚ ÎÎ¹ÎºÏŒÎ»Î±Î¿Ï‚,Nikos Sirmalenios,True,False,True
annavayena,3377051099,False,Î’Î±Î³ÎµÎ½Î¬ Î†Î½Î½Î±,Î†Î½Î½Î± Î’Î±Î³ÎµÎ½Î¬,False,False,False
VASILISKOKKALHS,555858535,False,ÎšÏŒÎºÎºÎ±Î»Î·Ï‚ Î’Î±ÏƒÎ¯Î»ÎµÎ¹Î¿Ï‚,Î’Î±ÏƒÎ¯Î»Î·Ï‚ ÎšÏŒÎºÎºÎ±Î»Î·Ï‚,False,False,True
alterglobal,24637896,False,ÎœÏ€Î¿Ï…ÏÎ½Î¿ÏÏ‚ Î™Ï‰Î¬Î½Î½Î·Ï‚,Î“Î¹Î¬Î½Î½Î·Ï‚ ÎœÏ€Î¿Ï…ÏÎ½Î¿ÏÏ‚ - Yiannis Bournous,False,False,True
A_Meikopoulos,1001342479,False,ÎœÎµÏŠÎºÏŒÏ€Î¿Ï…Î»Î¿Ï‚ Î‘Î»Î­Î¾Î±Î½Î´ÏÎ¿Ï‚,Î‘. ÎœÎµÏŠÎºÏŒÏ€Î¿Ï…Î»Î¿Ï‚,False,False,True
alexischaritsis,973164892877459456,False,Î§Î±ÏÎ¯Ï„ÏƒÎ·Ï‚ Î‘Î»Î­Î¾Î·Ï‚,Î‘Î»Î­Î¾Î·Ï‚ Î§Î±ÏÎ¯Ï„ÏƒÎ·Ï‚,False,False,False
ZeybekHuseyin,338861628,False,Î–ÎµÏŠÎ¼Ï€Î­Îº Î§Î¿Ï…ÏƒÎµÏŠÎ½,huseyin zeybek,True,False,False
tzakri,413080707,True,Î¤Î¶Î¬ÎºÏÎ· Î˜ÎµÎ¿Î´ÏÏÎ±,Î˜ÎµÎ¿Î´ÏÏÎ± Î¤Î¶Î¬ÎºÏÎ·,False,False,False
BSkoufa,712255673178976256,False,Î£ÎºÎ¿ÏÏ†Î± ÎœÏ€Î­Ï„Ï„Ï…,ÎœÏ€Î­Ï„Ï„Ï… Î£ÎºÎ¿ÏÏ†Î± - Betty Skoufa,False,False,False
kostasbarkas,4178705584,False,ÎœÏ€Î¬ÏÎºÎ±Ï‚ ÎšÏ‰Î½ÏƒÏ„Î±Î½Ï„Î¯Î½Î¿Ï‚,ÎšÏÏƒÏ„Î±Ï‚ ÎœÏ€Î¬ÏÎºÎ±Ï‚ - Kostas Barkas,False,False,True
andreasxanthos,1701576919,False,ÎÎ±Î½Î¸ÏŒÏ‚ Î‘Î½Î´ÏÎ­Î±Ï‚,andreasxanthos,True,False,False
sakis_papad,970306790,False,Î Î±Ï€Î±Î´ÏŒÏ€Î¿Ï…Î»Î¿Ï‚ Î£Î¬ÎºÎ·Ï‚,Î£Î¬ÎºÎ·Ï‚ Î Î±Ï€Î±Î´ÏŒÏ€Î¿Ï…Î»Î¿Ï‚,False,False,False
JSarakiotis,709702013865562112,False,Î£Î±ÏÎ±ÎºÎ¹ÏÏ„Î·Ï‚ Î™Ï‰Î¬Î½Î½Î·Ï‚,Î™Ï‰Î¬Î½Î½Î·Ï‚ Î£Î±ÏÎ±ÎºÎ¹ÏÏ„Î·Ï‚ â€¢ Ioannis Sarakiotis,False,False,False
PetiPerka,1059819442572611584,False,Î Î­ÏÎºÎ± Î Î­Ï„Î·,Peti Perka,True,False,False
KiriakiMalama,1150482424134086659,False,ÎœÎ¬Î»Î±Î¼Î± ÎšÏ…ÏÎ¹Î±ÎºÎ®,kiriaki.malama,True,False,False
pavpol2222,2367424185,False,Î Î¿Î»Î¬ÎºÎ·Ï‚ Î Î±ÏÎ»Î¿Ï‚,Î Î±Ï…Î»Î¿Ï‚ Î Î¿Î»Î±ÎºÎ·Ï‚,False,False,False
