Name (Long),Surname,Name,Party,Twitter Handle,Result 1,Result 2,Result 3,Result 4,Result 5,Result 6,Result 7,Result 8,Result 9,Result 10,Result 11,Result 12,Result 13,Result 14,Result 15,Result 16,Result 17,Result 18,Result 19,Result 20
Βιλιάρδος Διονυσίου Βασίλειος,Βιλιάρδος,Βιλιάρδος Βασίλειος,ΕΛΛΗΝΙΚΗ ΛΥΣΗ,ViliardosV,0,0,0,0,0,0,0,0,0,0,0,0,0,0,0,0,0,0,0,0
Αλεξοπούλου Κωνσταντίνου Αναστασία - Αικατερίνη,Αλεξοπούλου,Αλεξοπούλου Αικατερίνη,ΕΛΛΗΝΙΚΗ ΛΥΣΗ,anaik2020,0,0,0,0,0,0,0,0,0,0,0,0,0,0,0,0,0,0,0,0
Αθανασίου Ευαγγέλου Μαρία,Αθανασίου,Αθανασίου Μαρία,ΕΛΛΗΝΙΚΗ ΛΥΣΗ,MariaAt03902914,2801769645,1369317869264248838,3883801823,4841853117,1352034271477837826,3889149862,2890808465,4836716995,2148961146,4361806516,1272520399973232640,774353219464093696,712359665833795585,905126924397281282,513081418,1263928166546096129,3346441403,764794474144858112,4841988202,409176426
Βαγενάς Κωνσταντίνου Δημήτριος,Βαγενάς,Βαγενάς Δημήτριος,ΕΛΛΗΝΙΚΗ ΛΥΣΗ,B3Vagenas,0,0,0,0,0,0,0,0,0,0,0,0,0,0,0,0,0,0,0,0
Ασημακοπούλου Δημητρίου Σοφία - Χάιδω,Ασημακοπούλου,Ασημακοπούλου Χάιδω,ΕΛΛΗΝΙΚΗ ΛΥΣΗ,SofAsimak,0,0,0,0,0,0,0,0,0,0,0,0,0,0,0,0,0,0,0,0
Μυλωνάκης Αντωνίου Αντώνιος,Μυλωνάκης,Μυλωνάκης Αντώνιος,ΕΛΛΗΝΙΚΗ ΛΥΣΗ,AntMylonakis,0,0,0,0,0,0,0,0,0,0,0,0,0,0,0,0,0,0,0,0
Αβδελάς Κωνσταντίνου Απόστολος,Αβδελάς,Αβδελάς Απόστολος,ΕΛΛΗΝΙΚΗ ΛΥΣΗ,avdelas_ap,1254725873456078855,1210888480185704449,0,0,0,0,0,0,0,0,0,0,0,0,0,0,0,0,0,0
Χητάς Αχιλλέως Κωνσταντίνος,Χητάς,Χητάς Κωνσταντίνος,ΕΛΛΗΝΙΚΗ ΛΥΣΗ,chitaskostas,3087199700,0,0,0,0,0,0,0,0,0,0,0,0,0,0,0,0,0,0,0
Βελόπουλος Ιωσήφ Κυριάκος,Βελόπουλος,Βελόπουλος Κυριάκος,ΕΛΛΗΝΙΚΗ ΛΥΣΗ,velopky,579067205,1131834706553708544,3179394819,0,0,0,0,0,0,0,0,0,0,0,0,0,0,0,0,0
Μπούμπας Ιωάννη Κωνσταντίνος,Μπούμπας,Μπούμπας Κωνσταντίνος,ΕΛΛΗΝΙΚΗ ΛΥΣΗ,kostasmpoumpas,0,0,0,0,0,0,0,0,0,0,0,0,0,0,0,0,0,0,0,0
Αρβανιτίδης Πέτρου Γεώργιος,Αρβανιτίδης,Αρβανιτίδης Γεώργιος,ΚΙΝΑΛ,Arvanitidis_Geo,269667949,3364065969,0,0,0,0,0,0,0,0,0,0,0,0,0,0,0,0,0,0
Αχμέτ Σαμπρή Ιλχάν,Αχμέτ,Αχμέτ Ιλχάν,ΚΙΝΑΛ,ilhanahmet,0,0,0,0,0,0,0,0,0,0,0,0,0,0,0,0,0,0,0,0
Γεννηματά Γεωργίου Φωτεινή (Φώφη),Γεννηματά,Γεννηματά Φώφη,ΚΙΝΑΛ,FofiGennimata,71482406,0,0,0,0,0,0,0,0,0,0,0,0,0,0,0,0,0,0,0
Γιαννακοπούλου Ιωάννη Κωνσταντίνα (Νάντια),Γιαννακοπούλου,Γιαννακοπούλου Νάντια,ΚΙΝΑΛ,ngiannakopoulou,945679686528577536,0,0,0,0,0,0,0,0,0,0,0,0,0,0,0,0,0,0,0
Γκόκας Ναπολέοντα Χρήστος,Γκόκας,Γκόκας Χρήστος,ΚΙΝΑΛ,,0,0,0,0,0,0,0,0,0,0,0,0,0,0,0,0,0,0,0,0
Καμίνης Βασιλείου Γεώργιος,Καμίνης,Καμίνης Γεώργιος,ΚΙΝΑΛ,KaminisG,191033632,707816406,0,0,0,0,0,0,0,0,0,0,0,0,0,0,0,0,0,0
Καστανίδης Γεωργίου Χαράλαμπος,Καστανίδης,Καστανίδης Χαράλαμπος,ΚΙΝΑΛ,KastanidisHaris,0,0,0,0,0,0,0,0,0,0,0,0,0,0,0,0,0,0,0,0
Κατρίνης Ιωάννη Μιχαήλ,Κατρίνης,Κατρίνης Μιχαήλ,ΚΙΝΑΛ,michaelkatrinis,0,0,0,0,0,0,0,0,0,0,0,0,0,0,0,0,0,0,0,0
Κεγκέρογλου Αλεξάνδρου Βασίλειος,Κεγκέρογλου,Κεγκέρογλου Βασίλειος,ΚΙΝΑΛ,bkegeroglou,0,0,0,0,0,0,0,0,0,0,0,0,0,0,0,0,0,0,0,0
Κεφαλίδου Δημητρίου Χαρούλα (Χαρά),Κεφαλίδου,Κεφαλίδου Χαρά,ΚΙΝΑΛ,xarakefalidou,0,0,0,0,0,0,0,0,0,0,0,0,0,0,0,0,0,0,0,0
Κωνσταντινόπουλος Κωνσταντίνου Οδυσσέας,Κωνσταντινόπουλος,Κωνσταντινόπουλος Οδυσσέας,ΚΙΝΑΛ,Odysseas_,70713954,0,0,0,0,0,0,0,0,0,0,0,0,0,0,0,0,0,0,0
Κωνσταντόπουλος Χρήστου Δημήτριος,Κωνσταντόπουλος,Κωνσταντόπουλος Δημήτριος,ΚΙΝΑΛ,dkonstantop,1251835096455356416,1313769803820281856,0,0,0,0,0,0,0,0,0,0,0,0,0,0,0,0,0,0
Λιακούλη Θεοφάνη Ευαγγελία,Λιακούλη,Λιακούλη Ευαγγελία,ΚΙΝΑΛ,p1l1sulLrVED8tt,1156878352759894016,0,0,0,0,0,0,0,0,0,0,0,0,0,0,0,0,0,0,0
Λοβέρδος Νικολάου Ανδρέας,Λοβέρδος,Λοβέρδος Ανδρέας,ΚΙΝΑΛ,a_loverdos,225931853,0,0,0,0,0,0,0,0,0,0,0,0,0,0,0,0,0,0,0
Μουλκιώτης Βασιλείου Γεώργιος,Μουλκιώτης,Μουλκιώτης Γεώργιος,ΚΙΝΑΛ,GMoulkiotis,0,0,0,0,0,0,0,0,0,0,0,0,0,0,0,0,0,0,0,0
Μπαράν Νετζαντή Μπουρχάν,Μπαράν,Μπαράν Μπουρχάν,ΚΙΝΑΛ,BurhanBaranDr,0,0,0,0,0,0,0,0,0,0,0,0,0,0,0,0,0,0,0,0
Μπιάγκης Σπυρίδωνος Δημήτριος,Μπιάγκης,Μπιάγκης Δημήτριος,ΚΙΝΑΛ,dimitrisbiagkis,1159407842350288896,0,0,0,0,0,0,0,0,0,0,0,0,0,0,0,0,0,0,0
Πανάς Νικολάου Απόστολος,Πανάς,Πανάς Απόστολος,ΚΙΝΑΛ,PanasApostolos,1259340614,0,0,0,0,0,0,0,0,0,0,0,0,0,0,0,0,0,0,0
Παπανδρέου Ανδρέα Γεώργιος,Παπανδρέου,Παπανδρέου Γεώργιος,ΚΙΝΑΛ,GPapandreou,1290723380828737539,2445221244,0,0,0,0,0,0,0,0,0,0,0,0,0,0,0,0,0,0
Πουλάς Θεοδοσίου Ανδρέας,Πουλάς,Πουλάς Ανδρέας,ΚΙΝΑΛ,AndreasPoulas,347951559,0,0,0,0,0,0,0,0,0,0,0,0,0,0,0,0,0,0,0
Σκανδαλίδης Γεωργίου Κωνσταντίνος,Σκανδαλίδης,Σκανδαλίδης Κωνσταντίνος,ΚΙΝΑΛ,KSkandalidis,539098641,0,0,0,0,0,0,0,0,0,0,0,0,0,0,0,0,0,0,0
Φραγγίδης Σταύρου Γεώργιος,Φραγγίδης,Φραγγίδης Γεώργιος,ΚΙΝΑΛ,FragidisGeorge,0,0,0,0,0,0,0,0,0,0,0,0,0,0,0,0,0,0,0,0
Γκιόκας Χρήστου Ιωάννης,Γκιόκας,Γκιόκας Ιωάννης,ΚΚΕ,,424948440,864506652,0,0,0,0,0,0,0,0,0,0,0,0,0,0,0,0,0,0
Δελής Ιωάννη Ιωάννης,Δελής,Δελής Ιωάννης,ΚΚΕ,,0,0,0,0,0,0,0,0,0,0,0,0,0,0,0,0,0,0,0,0
Κανέλλη Χρήστου Γαρυφαλλιά (Λιάνα),Κανέλλη,Κανέλλη Λιάνα,ΚΚΕ,,0,0,0,0,0,0,0,0,0,0,0,0,0,0,0,0,0,0,0,0
Καραθανασόπουλος Πέτρου Νικόλαος,Καραθανασόπουλος,Καραθανασόπουλος Νικόλαος,ΚΚΕ,,0,0,0,0,0,0,0,0,0,0,0,0,0,0,0,0,0,0,0,0
Κατσώτης Περικλή Χρήστος,Κατσώτης,Κατσώτης Χρήστος,ΚΚΕ,,0,0,0,0,0,0,0,0,0,0,0,0,0,0,0,0,0,0,0,0
Κομνηνάκα Αποστόλου Μαρία,Κομνηνάκα,Κομνηνάκα Μαρία,ΚΚΕ,,0,0,0,0,0,0,0,0,0,0,0,0,0,0,0,0,0,0,0,0
Κουτσούμπας Αποστόλου Δημήτριος,Κουτσούμπας,Κουτσούμπας Δημήτριος,ΚΚΕ,,0,0,0,0,0,0,0,0,0,0,0,0,0,0,0,0,0,0,0,0
Λαμπρούλης Αριστείδη Γεώργιος,Λαμπρούλης,Λαμπρούλης Γεώργιος,ΚΚΕ,,0,0,0,0,0,0,0,0,0,0,0,0,0,0,0,0,0,0,0,0
Μανωλάκου Εμμανουήλ Διαμάντω,Μανωλάκου,Μανωλάκου Διαμάντω,ΚΚΕ,,0,0,0,0,0,0,0,0,0,0,0,0,0,0,0,0,0,0,0,0
Μαρίνος Βασιλείου Γεώργιος,Μαρίνος,Μαρίνος Γεώργιος,ΚΚΕ,,1333790313173774336,0,0,0,0,0,0,0,0,0,0,0,0,0,0,0,0,0,0,0
Παπαναστάσης Αθανασίου Νικόλαος,Παπαναστάσης,Παπαναστάσης Νικόλαος,ΚΚΕ,,0,0,0,0,0,0,0,0,0,0,0,0,0,0,0,0,0,0,0,0
Παπαρήγα Νικολάου Αλεξάνδρα,Παπαρήγα,Παπαρήγα Αλεξάνδρα,ΚΚΕ,,720931387763769344,0,0,0,0,0,0,0,0,0,0,0,0,0,0,0,0,0,0,0
Παφίλης Σπυρίδωνος Αθανάσιος,Παφίλης,Παφίλης Αθανάσιος,ΚΚΕ,,827499846,0,0,0,0,0,0,0,0,0,0,0,0,0,0,0,0,0,0,0
Στολτίδης Δημητρίου Λεωνίδας,Στολτίδης,Στολτίδης Λεωνίδας,ΚΚΕ,,0,0,0,0,0,0,0,0,0,0,0,0,0,0,0,0,0,0,0,0
Συντυχάκης Δανιήλ Εμμανουήλ,Συντυχάκης,Συντυχάκης Εμμανουήλ,ΚΚΕ,,0,0,0,0,0,0,0,0,0,0,0,0,0,0,0,0,0,0,0,0
Αδαμοπούλου Αθανασίου Αγγελική,Αδαμοπούλου,Αδαμοπούλου Αγγελική,ΜέΡΑ25,,1327642480528019459,2851071580,1151517950815416320,3423298125,3034560641,0,0,0,0,0,0,0,0,0,0,0,0,0,0,0
Αδάμου Στεργίου Κωνσταντίνα,Αδάμου,Αδάμου Κωνσταντίνα,ΜέΡΑ25,konstantinaada1,2269093603,4796790033,2960443539,2279301560,2679478070,0,0,0,0,0,0,0,0,0,0,0,0,0,0,0
Απατζίδη Κυρίλλου Μαρία,Απατζίδη,Απατζίδη Μαρία,ΜέΡΑ25,ApatzidiM,0,0,0,0,0,0,0,0,0,0,0,0,0,0,0,0,0,0,0,0
Βαρουφάκης Γεωργίου Ιωάννης (Γιάνης),Βαρουφάκης,Βαρουφάκης Γιάνης,ΜέΡΑ25,yanisvaroufakis,124690469,810059528746242052,0,0,0,0,0,0,0,0,0,0,0,0,0,0,0,0,0,0
Λογιάδης Σοφοκλή - Εμμανουήλ Γεώργιος,Λογιάδης,Λογιάδης Γεώργιος,ΜέΡΑ25,GeorgeLogiadis,0,0,0,0,0,0,0,0,0,0,0,0,0,0,0,0,0,0,0,0
Μπακαδήμα Αγαθοκλή Φωτεινή,Μπακαδήμα,Μπακαδήμα Φωτεινή,ΜέΡΑ25,fbakadima,0,0,0,0,0,0,0,0,0,0,0,0,0,0,0,0,0,0,0,0
Αρσένης Δημοκράτη Κρίτων - Ηλίας,Αρσένης,Αρσένης Ηλίας,ΜέΡΑ25,karsenis,0,0,0,0,0,0,0,0,0,0,0,0,0,0,0,0,0,0,0,0
Γρηγοριάδης Γεωργίου Κλέων,Γρηγοριάδης,Γρηγοριάδης Κλέων,ΜέΡΑ25,,0,0,0,0,0,0,0,0,0,0,0,0,0,0,0,0,0,0,0,0
Σακοράφα Ηλία Σοφία,Σακοράφα,Σακοράφα Σοφία,ΜέΡΑ25,SofiaSakorafa,533082734,0,0,0,0,0,0,0,0,0,0,0,0,0,0,0,0,0,0,0
Γεραπετρίτης Βασιλείου Γεώργιος,Γεραπετρίτης,Γεραπετρίτης Γεώργιος,ΝΔ,,0,0,0,0,0,0,0,0,0,0,0,0,0,0,0,0,0,0,0,0
Γιαννάκου Παναγιώτη Μαριορή (Μαριέττα),Γιαννάκου,Γιαννάκου Μαριέττα,ΝΔ,m_giannakou,886723075,214766734,0,0,0,0,0,0,0,0,0,0,0,0,0,0,0,0,0,0
Θεοδωρικάκος Δημητρίου Παναγιώτης (Τάκης),Θεοδωρικάκος,Θεοδωρικάκος Τάκης,ΝΔ,theodorikakosp,1149205366930071552,0,0,0,0,0,0,0,0,0,0,0,0,0,0,0,0,0,0,0
Πικραμμένος Όθωνος Παναγιώτης,Πικραμμένος,Πικραμμένος Παναγιώτης,ΝΔ,,0,0,0,0,0,0,0,0,0,0,0,0,0,0,0,0,0,0,0,0
Ταραντίλης Δημητρίου Χρήστος,Ταραντίλης,Ταραντίλης Χρήστος,ΝΔ,xtarantilis,0,0,0,0,0,0,0,0,0,0,0,0,0,0,0,0,0,0,0,0
Συρίγος Ματθαίου Ευάγγελος (Άγγελος),Συρίγος,Συρίγος Άγγελος,ΝΔ,angelossyrigos,0,0,0,0,0,0,0,0,0,0,0,0,0,0,0,0,0,0,0,0
Πιπιλή Ανδρέα Φωτεινή,Πιπιλή,Πιπιλή Φωτεινή,ΝΔ,FotiniPipili,481393090,0,0,0,0,0,0,0,0,0,0,0,0,0,0,0,0,0,0,0
Μπογδάνος Σπυρίδωνος Κωνσταντίνος,Μπογδάνος,Μπογδάνος Κωνσταντίνος,ΝΔ,bogdanosk,1246430042793615360,0,0,0,0,0,0,0,0,0,0,0,0,0,0,0,0,0,0,0
Κακλαμάνης Μιχαήλ Νικήτας,Κακλαμάνης,Κακλαμάνης Νικήτας,ΝΔ,NKaklamanis,72838721,1139634200,0,0,0,0,0,0,0,0,0,0,0,0,0,0,0,0,0,0
Κεφαλογιάννη Ιωάννη Όλγα,Κεφαλογιάννη,Κεφαλογιάννη Όλγα,ΝΔ,olgakef,2365419054,0,0,0,0,0,0,0,0,0,0,0,0,0,0,0,0,0,0,0
Κικίλιας Παναγιώτη Βασίλειος,Κικίλιας,Κικίλιας Βασίλειος,ΝΔ,Vkikilias,0,0,0,0,0,0,0,0,0,0,0,0,0,0,0,0,0,0,0,0
Πλεύρης Κωνσταντίνου Αθανάσιος,Πλεύρης,Πλεύρης Αθανάσιος,ΝΔ,thanosplevris,0,0,0,0,0,0,0,0,0,0,0,0,0,0,0,0,0,0,0,0
Ράπτη Γεωργίου Ζωή,Ράπτη,Ράπτη Ζωή,ΝΔ,raptizoi,2443992852,0,0,0,0,0,0,0,0,0,0,0,0,0,0,0,0,0,0,0
Ρουσόπουλος Βασιλείου Θεόδωρος,Ρουσόπουλος,Ρουσόπουλος Θεόδωρος,ΝΔ,RoussopoulosTh,0,0,0,0,0,0,0,0,0,0,0,0,0,0,0,0,0,0,0,0
Κουμουτσάκος Σπυρίδωνος Γεώργιος,Κουμουτσάκος,Κουμουτσάκος Γεώργιος,ΝΔ,GKoumoutsakos,633098410,0,0,0,0,0,0,0,0,0,0,0,0,0,0,0,0,0,0,0
Κεραμέως Κωνσταντίνου Νίκη,Κεραμέως,Κεραμέως Νίκη,ΝΔ,nkerameus,435737814,0,0,0,0,0,0,0,0,0,0,0,0,0,0,0,0,0,0,0
Καιρίδης Κωνσταντίνου Δημήτριος,Καιρίδης,Καιρίδης Δημήτριος,ΝΔ,DimKairidis,0,0,0,0,0,0,0,0,0,0,0,0,0,0,0,0,0,0,0,0
Γεωργιάδης Αθανασίου Σπυρίδων - Άδωνις,Γεωργιάδης,Γεωργιάδης Άδωνις,ΝΔ,AdonisGeorgiadi,70340615,2980911795,0,0,0,0,0,0,0,0,0,0,0,0,0,0,0,0,0,0
Χατζηδάκης Ιωάννη Κωνσταντίνος (Κωστής),Χατζηδάκης,Χατζηδάκης Κωστής,ΝΔ,K_Hatzidakis,434832879,1284477246913339394,0,0,0,0,0,0,0,0,0,0,0,0,0,0,0,0,0,0
Βαρβιτσιώτης Ιωάννη Μιλτιάδης,Βαρβιτσιώτης,Βαρβιτσιώτης Μιλτιάδης,ΝΔ,MVarvitsiotis,0,0,0,0,0,0,0,0,0,0,0,0,0,0,0,0,0,0,0,0
Λοβέρδος Πέτρου Ιωάννης - Μιχαήλ (Γιάννης),Λοβέρδος,Λοβέρδος Γιάννης,ΝΔ,YiannisLoverdos,2500320130,0,0,0,0,0,0,0,0,0,0,0,0,0,0,0,0,0,0,0
Μητσοτάκης Κωνσταντίνου Κυριάκος,Μητσοτάκης,Μητσοτάκης Κυριάκος,ΝΔ,kmitsotakis,14283525,1165933506377256962,0,0,0,0,0,0,0,0,0,0,0,0,0,0,0,0,0,0
Κυρανάκης Ιωάννη - Παναγιώτη Κωνσταντίνος,Κυρανάκης,Κυρανάκης Κωνσταντίνος,ΝΔ,kyranakis,0,0,0,0,0,0,0,0,0,0,0,0,0,0,0,0,0,0,0,0
Παπαδημητρίου Αθανασίου Χαράλαμπος (Μπάμπης),Παπαδημητρίου,Παπαδημητρίου Μπάμπης,ΝΔ,babis2019,48426854,0,0,0,0,0,0,0,0,0,0,0,0,0,0,0,0,0,0,0
Σπανάκης Νικολάου Βασίλειος - Πέτρος,Σπανάκης,Σπανάκης Πέτρος,ΝΔ,vspanakis,0,0,0,0,0,0,0,0,0,0,0,0,0,0,0,0,0,0,0,0
Δένδιας Σπυρίδωνος Νικόλαος - Γεώργιος,Δένδιας,Δένδιας Γεώργιος,ΝΔ,NikosDendias,236744081,0,0,0,0,0,0,0,0,0,0,0,0,0,0,0,0,0,0,0
Βούλτεψη Ιωάννη Σοφία,Βούλτεψη,Βούλτεψη Σοφία,ΝΔ,sofia_voultepsi,404193258,0,0,0,0,0,0,0,0,0,0,0,0,0,0,0,0,0,0,0
Καλλιάνος Δημητρίου Ιωάννης,Καλλιάνος,Καλλιάνος Ιωάννης,ΝΔ,kallianos,2372128546,0,0,0,0,0,0,0,0,0,0,0,0,0,0,0,0,0,0,0
Καραμανλή Αρκαδίου Άννα,Καραμανλή,Καραμανλή Άννα,ΝΔ,annakaramanli,478754813,0,0,0,0,0,0,0,0,0,0,0,0,0,0,0,0,0,0,0
Θεοχάρης Αθανασίου Θεοχάρης (Χάρης),Θεοχάρης,Θεοχάρης Χάρης,ΝΔ,htheoharis,2982331312,3119327027,0,0,0,0,0,0,0,0,0,0,0,0,0,0,0,0,0,0
Χατζηδάκης Διονυσίου Διονύσιος,Χατζηδάκης,Χατζηδάκης Διονύσιος,ΝΔ,,0,0,0,0,0,0,0,0,0,0,0,0,0,0,0,0,0,0,0,0
Δούνια Δημητρίου Παναγιώτα (Νόνη),Δούνια,Δούνια Νόνη,ΝΔ,NoniDounia,3066009454,0,0,0,0,0,0,0,0,0,0,0,0,0,0,0,0,0,0,0
Κατσαφάδος Ιωάννη Κωνσταντίνος,Κατσαφάδος,Κατσαφάδος Κωνσταντίνος,ΝΔ,katsafados,0,0,0,0,0,0,0,0,0,0,0,0,0,0,0,0,0,0,0,0
Μπουτσικάκης Ιωάννη Χριστόφορος - Εμμανουήλ,Μπουτσικάκης,Μπουτσικάκης Εμμανουήλ,ΝΔ,BoutsikakisChr,0,0,0,0,0,0,0,0,0,0,0,0,0,0,0,0,0,0,0,0
Μελάς Παναγιώτη Ιωάννης,Μελάς,Μελάς Ιωάννης,ΝΔ,yiannismelas,901552902459863046,0,0,0,0,0,0,0,0,0,0,0,0,0,0,0,0,0,0,0
Μανωλάκος Πέτρου Νικόλαος,Μανωλάκος,Μανωλάκος Νικόλαος,ΝΔ,manolakosnik,16258781,0,0,0,0,0,0,0,0,0,0,0,0,0,0,0,0,0,0,0
Μαρκόπουλος Κωνσταντίνου Δημήτριος,Μαρκόπουλος,Μαρκόπουλος Δημήτριος,ΝΔ,markopoulosdimi,0,0,0,0,0,0,0,0,0,0,0,0,0,0,0,0,0,0,0,0
Τραγάκης Παναγιώτη Ιωάννης,Τραγάκης,Τραγάκης Ιωάννης,ΝΔ,,0,0,0,0,0,0,0,0,0,0,0,0,0,0,0,0,0,0,0,0
Μαρτίνου Αθανασίου Γεωργία,Μαρτίνου,Μαρτίνου Γεωργία,ΝΔ,GeorgiaMartinou,0,0,0,0,0,0,0,0,0,0,0,0,0,0,0,0,0,0,0,0
Οικονόμου Αθανασίου Βασίλειος,Οικονόμου,Οικονόμου Βασίλειος,ΝΔ,OikonomouVasili,3100514321,0,0,0,0,0,0,0,0,0,0,0,0,0,0,0,0,0,0,0
Βλάχος Θεοδώρου Γεώργιος,Βλάχος,Βλάχος Γεώργιος,ΝΔ,Vlachos_G,900721825742807042,4867087780,2320654560,3935256472,709020316970971139,822432545946136576,755673702898003968,1095217634289831936,806936699259523073,751294589542203392,563558280,0,0,0,0,0,0,0,0,0
Βορίδης Χρήστου Μαυρουδής (Μάκης),Βορίδης,Βορίδης Μάκης,ΝΔ,MakisVoridis,0,0,0,0,0,0,0,0,0,0,0,0,0,0,0,0,0,0,0,0
Μπούρας Κωνσταντίνου Αθανάσιος,Μπούρας,Μπούρας Αθανάσιος,ΝΔ,athbouras,2976349222,0,0,0,0,0,0,0,0,0,0,0,0,0,0,0,0,0,0,0
Κώτσηρας Αναστασίου Γεώργιος,Κώτσηρας,Κώτσηρας Γεώργιος,ΝΔ,giorgoskotsiras,0,0,0,0,0,0,0,0,0,0,0,0,0,0,0,0,0,0,0,0
Λιάκος Γεωργίου Ευάγγελος,Λιάκος,Λιάκος Ευάγγελος,ΝΔ,liakosev,0,0,0,0,0,0,0,0,0,0,0,0,0,0,0,0,0,0,0,0
Λιβανός Διονυσίου Σπυρίδωνας-Παναγιώτης (Σπήλιος),Λιβανός,Λιβανός Σπήλιος,ΝΔ,SpiliosL,0,0,0,0,0,0,0,0,0,0,0,0,0,0,0,0,0,0,0,0
Σαλμάς Γεωργίου Μάριος,Σαλμάς,Σαλμάς Μάριος,ΝΔ,salmasmarios,335179820,0,0,0,0,0,0,0,0,0,0,0,0,0,0,0,0,0,0,0
Καραγκούνης Ανδρέα Κωνσταντίνος,Καραγκούνης,Καραγκούνης Κωνσταντίνος,ΝΔ,k_karagounis,805151138,1223960620686548993,0,0,0,0,0,0,0,0,0,0,0,0,0,0,0,0,0,0
Ανδριανός Σωτηρίου Ιωάννης,Ανδριανός,Ανδριανός Ιωάννης,ΝΔ,,0,0,0,0,0,0,0,0,0,0,0,0,0,0,0,0,0,0,0,0
Βλάσης Γεωργίου Κωνσταντίνος,Βλάσης,Βλάσης Κωνσταντίνος,ΝΔ,KostasVlasis,1264874893897863168,0,0,0,0,0,0,0,0,0,0,0,0,0,0,0,0,0,0,0
Στύλιος Δημοσθένη Γεώργιος,Στύλιος,Στύλιος Γεώργιος,ΝΔ,gstylios,74694195,0,0,0,0,0,0,0,0,0,0,0,0,0,0,0,0,0,0,0
Αλεξοπούλου Μιχαήλ Χριστίνα,Αλεξοπούλου,Αλεξοπούλου Χριστίνα,ΝΔ,xrisalex,93629265,338320761,738676935732170752,793769618598924289,4824370169,895512106014998528,2213820452,0,0,0,0,0,0,0,0,0,0,0,0,0
Κατσανιώτης Ιωάννη Ανδρέας,Κατσανιώτης,Κατσανιώτης Ανδρέας,ΝΔ,katsaniotis,407091620,0,0,0,0,0,0,0,0,0,0,0,0,0,0,0,0,0,0,0
Τσιγκρής Αντωνίου Άγγελος,Τσιγκρής,Τσιγκρής Άγγελος,ΝΔ,tsigris_angelos,409149518,0,0,0,0,0,0,0,0,0,0,0,0,0,0,0,0,0,0,0
Φωτήλας Ασημάκη Ιάσων,Φωτήλας,Φωτήλας Ιάσων,ΝΔ,IasonFotilas,0,0,0,0,0,0,0,0,0,0,0,0,0,0,0,0,0,0,0,0
Κουτσούμπας Βασιλείου Ανδρέας,Κουτσούμπας,Κουτσούμπας Ανδρέας,ΝΔ,kutsubad,563969004,0,0,0,0,0,0,0,0,0,0,0,0,0,0,0,0,0,0,0
Πάτσης Κωνσταντίνου Ανδρέας,Πάτσης,Πάτσης Ανδρέας,ΝΔ,patsis_andreas,0,0,0,0,0,0,0,0,0,0,0,0,0,0,0,0,0,0,0,0
Μπλούχος Δημητρίου Κωνσταντίνος,Μπλούχος,Μπλούχος Κωνσταντίνος,ΝΔ,blouchosdrama,0,0,0,0,0,0,0,0,0,0,0,0,0,0,0,0,0,0,0,0
Παππάς Κωνσταντίνου Ιωάννης,Παππάς,Παππάς Ιωάννης,ΝΔ,pappas_ioannis,3092397317,1345310161733382144,2704893699,1242069620623847428,789724981357871104,928698455903621120,861590327718760450,3247178785,780111778835533824,4359347777,1314616251054985216,0,0,0,0,0,0,0,0,0
Κόνσολας Νικία Εμμανουήλ (Μάνος),Κόνσολας,Κόνσολας Μάνος,ΝΔ,manoskonsolas,437388094,0,0,0,0,0,0,0,0,0,0,0,0,0,0,0,0,0,0,0
Ιατρίδη Ιωάννη Τσαμπίκα (Μίκα),Ιατρίδη,Ιατρίδη Μίκα,ΝΔ,,0,0,0,0,0,0,0,0,0,0,0,0,0,0,0,0,0,0,0,0
Υψηλάντης Αναστασίου Βασίλειος - Νικόλαος,Υψηλάντης,Υψηλάντης Νικόλαος,ΝΔ,vnaypsilantis,0,0,0,0,0,0,0,0,0,0,0,0,0,0,0,0,0,0,0,0
Δημοσχάκης Σπύρου Αναστάσιος (Τάσος),Δημοσχάκης,Δημοσχάκης Τάσος,ΝΔ,ADimoschakis,0,0,0,0,0,0,0,0,0,0,0,0,0,0,0,0,0,0,0,0
Κελέτσης Δημητρίου Σταύρος,Κελέτσης,Κελέτσης Σταύρος,ΝΔ,keletsis,0,0,0,0,0,0,0,0,0,0,0,0,0,0,0,0,0,0,0,0
Δερμεντζόπουλος Αλεξάνδρου Χρήστος,Δερμεντζόπουλος,Δερμεντζόπουλος Χρήστος,ΝΔ,ChrisDermen,0,0,0,0,0,0,0,0,0,0,0,0,0,0,0,0,0,0,0,0
Κεδίκογλου Βασιλείου Συμεών (Σίμος),Κεδίκογλου,Κεδίκογλου Σίμος,ΝΔ,SimosKedikoglou,2748749053,0,0,0,0,0,0,0,0,0,0,0,0,0,0,0,0,0,0,0
Ζεμπίλης Γεωργίου Αθανάσιος,Ζεμπίλης,Ζεμπίλης Αθανάσιος,ΝΔ,than_zebilis,3295137283,0,0,0,0,0,0,0,0,0,0,0,0,0,0,0,0,0,0,0
Πνευματικός Γεωργίου Σπυρίδωνας,Πνευματικός,Πνευματικός Σπυρίδωνας,ΝΔ,,0,0,0,0,0,0,0,0,0,0,0,0,0,0,0,0,0,0,0,0
Κοντογεώργος Αθανασίου Κωνσταντίνος,Κοντογεώργος,Κοντογεώργος Κωνσταντίνος,ΝΔ,,0,0,0,0,0,0,0,0,0,0,0,0,0,0,0,0,0,0,0,0
Ακτύπης Δημητρίου Διονύσιος,Ακτύπης,Ακτύπης Διονύσιος,ΝΔ,,1354049027126521858,1157252057386147840,0,0,0,0,0,0,0,0,0,0,0,0,0,0,0,0,0,0
Νικολακόπουλος Θεοδώρου Ανδρέας,Νικολακόπουλος,Νικολακόπουλος Ανδρέας,ΝΔ,anikolakopoulos,2371903524,1325311602,1207916805358080001,1368092218465075201,0,0,0,0,0,0,0,0,0,0,0,0,0,0,0,0
Τζαβάρας Γεωργίου Κωνσταντίνος,Τζαβάρας,Τζαβάρας Κωνσταντίνος,ΝΔ,Tzavaraskon,2863966079,960248863646015489,0,0,0,0,0,0,0,0,0,0,0,0,0,0,0,0,0,0
Αυγερινοπούλου Ζήσιμου Διονυσία - Θεοδώρα,Αυγερινοπούλου,Αυγερινοπούλου Θεοδώρα,ΝΔ,avgerinopoulou,0,0,0,0,0,0,0,0,0,0,0,0,0,0,0,0,0,0,0,0
Βεσυρόπουλος Φωτίου Απόστολος,Βεσυρόπουλος,Βεσυρόπουλος Απόστολος,ΝΔ,a_vesiropoulos,560852528,0,0,0,0,0,0,0,0,0,0,0,0,0,0,0,0,0,0,0
Μπαρτζώκας Στεργίου Αναστάσιος,Μπαρτζώκας,Μπαρτζώκας Αναστάσιος,ΝΔ,t_bartzokas,0,0,0,0,0,0,0,0,0,0,0,0,0,0,0,0,0,0,0,0
Τσαβδαρίδης Γεωργίου Λάζαρος,Τσαβδαρίδης,Τσαβδαρίδης Λάζαρος,ΝΔ,lazarostsavdar1,1294902786048524288,2541522972,0,0,0,0,0,0,0,0,0,0,0,0,0,0,0,0,0,0
Σενετάκης Γεωργίου Μάξιμος,Σενετάκης,Σενετάκης Μάξιμος,ΝΔ,maxsenetakis,404869413,0,0,0,0,0,0,0,0,0,0,0,0,0,0,0,0,0,0,0
Αυγενάκης Κωνσταντίνου Ελευθέριος,Αυγενάκης,Αυγενάκης Ελευθέριος,ΝΔ,l_avgenakis,0,0,0,0,0,0,0,0,0,0,0,0,0,0,0,0,0,0,0,0
Γιόγιακας Νικολάου Βασίλειος,Γιόγιακας,Γιόγιακας Βασίλειος,ΝΔ,giogiakasv,907708101872283649,0,0,0,0,0,0,0,0,0,0,0,0,0,0,0,0,0,0,0
Γκιουλέκας Πέτρου Κωνσταντίνος,Γκιουλέκας,Γκιουλέκας Κωνσταντίνος,ΝΔ,gioulekaskostas,190278613,0,0,0,0,0,0,0,0,0,0,0,0,0,0,0,0,0,0,0
Καραμανλής Αλεξάνδρου Κωνσταντίνος,Καραμανλής,Καραμανλής Κωνσταντίνος,ΝΔ,,388883850,0,0,0,0,0,0,0,0,0,0,0,0,0,0,0,0,0,0,0
Καλαφάτης Αθανασίου Σταύρος,Καλαφάτης,Καλαφάτης Σταύρος,ΝΔ,KalafatisSt,484702915,2974452802,0,0,0,0,0,0,0,0,0,0,0,0,0,0,0,0,0,0
Ευθυμίου Ταξιάρχη Άννα,Ευθυμίου,Ευθυμίου Άννα,ΝΔ,AnnaEfthymiou_,529702286,2921720643,931889544106037248,0,0,0,0,0,0,0,0,0,0,0,0,0,0,0,0,0
Σιμόπουλος Γεωργίου Ευστράτιος (Στράτος),Σιμόπουλος,Σιμόπουλος Στράτος,ΝΔ,efsimopoulos,0,0,0,0,0,0,0,0,0,0,0,0,0,0,0,0,0,0,0,0
Ράπτη Δημητρίου Ελένη,Ράπτη,Ράπτη Ελένη,ΝΔ,Elena_Rapti,4484051021,70973903,740415132602339329,1917750950,563167634,1088780723098710016,2228589186,2950132126,4795660354,783346483110240261,1370737075050450944,1132508810487185408,968754966587469824,726039551525920768,1256682726918414337,0,0,0,0,0
Κούβελας Σωτηρίου Δημήτριος,Κούβελας,Κούβελας Δημήτριος,ΝΔ,dkouvelas,0,0,0,0,0,0,0,0,0,0,0,0,0,0,0,0,0,0,0,0
Καράογλου Γεωργίου Θεόδωρος,Καράογλου,Καράογλου Θεόδωρος,ΝΔ,TheoKaraoglou,393292109,0,0,0,0,0,0,0,0,0,0,0,0,0,0,0,0,0,0,0
Βαρτζόπουλος Χρυσοστόμου Δημήτριος,Βαρτζόπουλος,Βαρτζόπουλος Δημήτριος,ΝΔ,DimVartzopoulos,0,0,0,0,0,0,0,0,0,0,0,0,0,0,0,0,0,0,0,0
Αναστασιάδης Ιωάννη Σάββας,Αναστασιάδης,Αναστασιάδης Σάββας,ΝΔ,savanastasiadis,852566696,1248583049757036545,0,0,0,0,0,0,0,0,0,0,0,0,0,0,0,0,0,0
Κεφαλά Στεφάνου Μαρία - Αλεξάνδρα,Κεφαλά,Κεφαλά Αλεξάνδρα,ΝΔ,,435710536,1280503681,0,0,0,0,0,0,0,0,0,0,0,0,0,0,0,0,0,0
Καλογιάννης Ελευθερίου Σταύρος,Καλογιάννης,Καλογιάννης Σταύρος,ΝΔ,,0,0,0,0,0,0,0,0,0,0,0,0,0,0,0,0,0,0,0,0
Τασούλας Αναστασίου Κωνσταντίνος,Τασούλας,Τασούλας Κωνσταντίνος,ΝΔ,,0,0,0,0,0,0,0,0,0,0,0,0,0,0,0,0,0,0,0,0
Αμυράς Στυλιανού Γεώργιος,Αμυράς,Αμυράς Γεώργιος,ΝΔ,amirasgiorgos,0,0,0,0,0,0,0,0,0,0,0,0,0,0,0,0,0,0,0,0
Παναγιωτόπουλος Ιωάννη Νικόλαος,Παναγιωτόπουλος,Παναγιωτόπουλος Νικόλαος,ΝΔ,npanagioto,2892644871,941336390398365697,0,0,0,0,0,0,0,0,0,0,0,0,0,0,0,0,0,0
Πασχαλίδης Αδάμ Ιωάννης,Πασχαλίδης,Πασχαλίδης Ιωάννης,ΝΔ,pasxalidisjohn,927617973086511104,816920331457888256,0,0,0,0,0,0,0,0,0,0,0,0,0,0,0,0,0,0
Λαζαρίδης Βασιλείου Μακάριος,Λαζαρίδης,Λαζαρίδης Μακάριος,ΝΔ,mvlazaridis,189807100,0,0,0,0,0,0,0,0,0,0,0,0,0,0,0,0,0,0,0
Κωτσός Κωνσταντίνου Γεώργιος,Κωτσός,Κωτσός Γεώργιος,ΝΔ,KotsosGiorgos,0,0,0,0,0,0,0,0,0,0,0,0,0,0,0,0,0,0,0,0
Σκόνδρα Κωνσταντίνου Ασημίνα,Σκόνδρα,Σκόνδρα Ασημίνα,ΝΔ,AsiminaSkondra,1466870311,0,0,0,0,0,0,0,0,0,0,0,0,0,0,0,0,0,0,0
Τσιάρας Αλεξάνδρου Κωνσταντίνος,Τσιάρας,Τσιάρας Κωνσταντίνος,ΝΔ,tsiaras_kostas,431967327,0,0,0,0,0,0,0,0,0,0,0,0,0,0,0,0,0,0,0
Τζηκαλάγιας Γεωργίου Ζήσης,Τζηκαλάγιας,Τζηκαλάγιας Ζήσης,ΝΔ,,0,0,0,0,0,0,0,0,0,0,0,0,0,0,0,0,0,0,0,0
Γκίκας Σωτηρίου Στέφανος,Γκίκας,Γκίκας Στέφανος,ΝΔ,STEFANOS_GIKAS,0,0,0,0,0,0,0,0,0,0,0,0,0,0,0,0,0,0,0,0
Καππάτος Σπυρίδωνος-Διονυσίου Παναγής,Καππάτος,Καππάτος Παναγής,ΝΔ,pkappatos,1173581893079576580,0,0,0,0,0,0,0,0,0,0,0,0,0,0,0,0,0,0,0
Γεωργαντάς Παύλου Γεώργιος,Γεωργαντάς,Γεωργαντάς Γεώργιος,ΝΔ,georgantasgr,1307266014275612674,0,0,0,0,0,0,0,0,0,0,0,0,0,0,0,0,0,0,0
Βρυζίδου Παναγιώτη Παρασκευή,Βρυζίδου,Βρυζίδου Παρασκευή,ΝΔ,Vrizidou_Vicky,1734838562,0,0,0,0,0,0,0,0,0,0,0,0,0,0,0,0,0,0,0
Αμανατίδης Ισαάκ Γεώργιος,Αμανατίδης,Αμανατίδης Γεώργιος,ΝΔ,amanatidis_g,0,0,0,0,0,0,0,0,0,0,0,0,0,0,0,0,0,0,0,0
Παπαδόπουλος Γεωργίου Μιχάλης,Παπαδόπουλος,Παπαδόπουλος Μιχάλης,ΝΔ,papadopoulosmix,1558691652,1343999041,885332275,711919177343344640,706244884622086144,807211509508096000,4361714241,852851744,1900700954,1084781346701148160,3014308839,1105829751095209985,2889587535,1002861249405816832,437718396,1684146342,961645821858115584,963087946160189440,835830388916424706,1335350206381125632
Κωνσταντινίδης Κωνσταντίνου Ευστάθιος,Κωνσταντινίδης,Κωνσταντινίδης Ευστάθιος,ΝΔ,Stathis_Konst,1350878661453471749,0,0,0,0,0,0,0,0,0,0,0,0,0,0,0,0,0,0,0
Σούκουλη - Βιλιάλη Δημητρίου Μαρία Ελένη (Μαριλένα),Σούκουλη,Σούκουλη Μαριλένα,ΝΔ,msoukouli,532337898,0,0,0,0,0,0,0,0,0,0,0,0,0,0,0,0,0,0,0
Ταγαράς Χρήστου Νικόλαος,Ταγαράς,Ταγαράς Νικόλαος,ΝΔ,TagarasNikos,0,0,0,0,0,0,0,0,0,0,0,0,0,0,0,0,0,0,0,0
Δήμας Σταύρου Χρίστος,Δήμας,Δήμας Χρίστος,ΝΔ,ChristosDimas_,491550694,0,0,0,0,0,0,0,0,0,0,0,0,0,0,0,0,0,0,0
Βρούτσης Βασιλείου Ιωάννης,Βρούτσης,Βρούτσης Ιωάννης,ΝΔ,vroutsisgiannis,0,0,0,0,0,0,0,0,0,0,0,0,0,0,0,0,0,0,0,0
Μονογυιού Αικατερίνη,Μονογυιού,Μονογυιού Αικατερίνη,ΝΔ,MonogiouKateri1,0,0,0,0,0,0,0,0,0,0,0,0,0,0,0,0,0,0,0,0
Φόρτωμας Αριστοτέλη Φίλιππος,Φόρτωμας,Φόρτωμας Φίλιππος,ΝΔ,,991287461006454784,0,0,0,0,0,0,0,0,0,0,0,0,0,0,0,0,0,0,0
Κρητικός Δημοσθένη Νεοκλής,Κρητικός,Κρητικός Νεοκλής,ΝΔ,neokliskritikos,0,0,0,0,0,0,0,0,0,0,0,0,0,0,0,0,0,0,0,0
Δαβάκης Παναγιώτη Αθανάσιος,Δαβάκης,Δαβάκης Αθανάσιος,ΝΔ,adavakis,444707209,0,0,0,0,0,0,0,0,0,0,0,0,0,0,0,0,0,0,0
Κέλλας Αχιλλέα Χρήστος,Κέλλας,Κέλλας Χρήστος,ΝΔ,kellas_xristos,545356505,0,0,0,0,0,0,0,0,0,0,0,0,0,0,0,0,0,0,0
Μπίζιου Νικολάου Στεργιανή (Στέλλα),Μπίζιου,Μπίζιου Στέλλα,ΝΔ,BiziouStella,0,0,0,0,0,0,0,0,0,0,0,0,0,0,0,0,0,0,0,0
Χαρακόπουλος Παντελή Μάξιμος,Χαρακόπουλος,Χαρακόπουλος Μάξιμος,ΝΔ,pantamaximos,2969916503,0,0,0,0,0,0,0,0,0,0,0,0,0,0,0,0,0,0,0
Πλακιωτάκης Ιωσήφ Ιωάννης,Πλακιωτάκης,Πλακιωτάκης Ιωάννης,ΝΔ,g_plakiotakis,558383750,0,0,0,0,0,0,0,0,0,0,0,0,0,0,0,0,0,0,0
Αθανασίου Χριστόφα Χαράλαμπος,Αθανασίου,Αθανασίου Χαράλαμπος,ΝΔ,XarAthan,2840171877,1174575648,556279103,0,0,0,0,0,0,0,0,0,0,0,0,0,0,0,0,0
Καββαδάς Ιωάννη Αθανάσιος,Καββαδάς,Καββαδάς Αθανάσιος,ΝΔ,,0,0,0,0,0,0,0,0,0,0,0,0,0,0,0,0,0,0,0,0
Μπουκώρος Γεωργίου Χρήστος,Μπουκώρος,Μπουκώρος Χρήστος,ΝΔ,chboukoros1,982264362,0,0,0,0,0,0,0,0,0,0,0,0,0,0,0,0,0,0,0
Μαραβέγιας Αριστοτέλη Κωνσταντίνος,Μαραβέγιας,Μαραβέγιας Κωνσταντίνος,ΝΔ,maravegiaskost,0,0,0,0,0,0,0,0,0,0,0,0,0,0,0,0,0,0,0,0
Μακρή Μιχαήλ Ζωή (Ζέττα),Μακρή,Μακρή Ζέττα,ΝΔ,zettamakri,2783917512,0,0,0,0,0,0,0,0,0,0,0,0,0,0,0,0,0,0,0
Λιούπης Κωνσταντίνου Αθανάσιος,Λιούπης,Λιούπης Αθανάσιος,ΝΔ,,0,0,0,0,0,0,0,0,0,0,0,0,0,0,0,0,0,0,0,0
Μαντάς Παντελή Περικλής,Μαντάς,Μαντάς Περικλής,ΝΔ,periklismantas,196941064,0,0,0,0,0,0,0,0,0,0,0,0,0,0,0,0,0,0,0
Λαμπρόπουλος Δημητρίου Ιωάννης,Λαμπρόπουλος,Λαμπρόπουλος Ιωάννης,ΝΔ,,1402547569,2855172449,913121979473022978,2198098411,0,0,0,0,0,0,0,0,0,0,0,0,0,0,0,0
Σαμαράς Κωνσταντίνου Αντώνιος,Σαμαράς,Σαμαράς Αντώνιος,ΝΔ,samaras_antonis,83656002,2850403294,0,0,0,0,0,0,0,0,0,0,0,0,0,0,0,0,0,0
Χρυσομάλλης Παναγιώτη Μιλτιάδης (Μίλτος),Χρυσομάλλης,Χρυσομάλλης Μίλτος,ΝΔ,chrysomallism,0,0,0,0,0,0,0,0,0,0,0,0,0,0,0,0,0,0,0,0
Τσιλιγγίρης Γεωργίου Σπυρίδων (Σπύρος),Τσιλιγγίρης,Τσιλιγγίρης Σπύρος,ΝΔ,,862065385,0,0,0,0,0,0,0,0,0,0,0,0,0,0,0,0,0,0,0
Σταμενίτης Ευαγγέλου Διονύσιος,Σταμενίτης,Σταμενίτης Διονύσιος,ΝΔ,dionstamenitis,0,0,0,0,0,0,0,0,0,0,0,0,0,0,0,0,0,0,0,0
Καρασμάνης Αθανασίου Γεώργιος,Καρασμάνης,Καρασμάνης Γεώργιος,ΝΔ,,0,0,0,0,0,0,0,0,0,0,0,0,0,0,0,0,0,0,0,0
Βασιλειάδης Νικολάου Βασίλειος (Λάκης),Βασιλειάδης,Βασιλειάδης Λάκης,ΝΔ,lakis_vas,0,0,0,0,0,0,0,0,0,0,0,0,0,0,0,0,0,0,0,0
Μάνη-Παπαδημητρίου Ευαγγέλου ΄Αννα,Μάνη-Παπαδημητρίου,Μάνη-Παπαδημητρίου ΄Αννα,ΝΔ,,0,0,0,0,0,0,0,0,0,0,0,0,0,0,0,0,0,0,0,0
Μπαραλιάκος Ελευθερίου Ξενοφών (Φώντας),Μπαραλιάκος,Μπαραλιάκος Φώντας,ΝΔ,fbaraliakos,0,0,0,0,0,0,0,0,0,0,0,0,0,0,0,0,0,0,0,0
Χιονίδης Γεωργίου Σάββας,Χιονίδης,Χιονίδης Σάββας,ΝΔ,HionidisSavvas,1364514731386667010,0,0,0,0,0,0,0,0,0,0,0,0,0,0,0,0,0,0,0
Γιαννάκης Κωνσταντίνου Στέργιος,Γιαννάκης,Γιαννάκης Στέργιος,ΝΔ,stergiannakis,0,0,0,0,0,0,0,0,0,0,0,0,0,0,0,0,0,0,0,0
Κεφαλογιάννης Αχιλλέα Ιωάννης,Κεφαλογιάννης,Κεφαλογιάννης Ιωάννης,ΝΔ,gkefalogiannis,562182659,0,0,0,0,0,0,0,0,0,0,0,0,0,0,0,0,0,0,0
Στυλιανίδης Στυλιανού Ευριπίδης,Στυλιανίδης,Στυλιανίδης Ευριπίδης,ΝΔ,e_stylianidis,1614767336,0,0,0,0,0,0,0,0,0,0,0,0,0,0,0,0,0,0,0
Στεφανάδης Ισιδώρου Χριστόδουλος,Στεφανάδης,Στεφανάδης Χριστόδουλος,ΝΔ,ChStefanadis,0,0,0,0,0,0,0,0,0,0,0,0,0,0,0,0,0,0,0,0
Λεονταρίδης Χρήστου Θεόφιλος,Λεονταρίδης,Λεονταρίδης Θεόφιλος,ΝΔ,The_Leontaridis,540694975,0,0,0,0,0,0,0,0,0,0,0,0,0,0,0,0,0,0,0
Καραμανλής Αχιλλέα Κωνσταντίνος,Καραμανλής,Καραμανλής Κωνσταντίνος,ΝΔ,karamanlis_k,388883850,0,0,0,0,0,0,0,0,0,0,0,0,0,0,0,0,0,0,0
Αραμπατζή Αθανασίου Φωτεινή,Αραμπατζή,Αραμπατζή Φωτεινή,ΝΔ,ArampatziFotini,3307929471,550238213,897811533006340096,0,0,0,0,0,0,0,0,0,0,0,0,0,0,0,0,0
Χατζηβασιλείου Γεωργίου Αναστάσιος (Τάσος),Χατζηβασιλείου,Χατζηβασιλείου Τάσος,ΝΔ,tasos_chatziv,0,0,0,0,0,0,0,0,0,0,0,0,0,0,0,0,0,0,0,0
Λιούτας Αχιλλέως Αθανάσιος,Λιούτας,Λιούτας Αθανάσιος,ΝΔ,,0,0,0,0,0,0,0,0,0,0,0,0,0,0,0,0,0,0,0,0
Σκρέκας Θεοδώρου Κωνσταντίνος,Σκρέκας,Σκρέκας Κωνσταντίνος,ΝΔ,KostasSkrekas,3041226449,0,0,0,0,0,0,0,0,0,0,0,0,0,0,0,0,0,0,0
Παπακώστα - Παλιούρα Δημητρίου Αικατερίνη (Κατερίνα),Παπακώστα,Παπακώστα Κατερίνα,ΝΔ,papakostakater,1134005835452076033,1343627779850596365,1685365842,931205366024671232,0,0,0,0,0,0,0,0,0,0,0,0,0,0,0,0
Οικονόμου Δημητρίου Ιωάννης,Οικονόμου,Οικονόμου Ιωάννης,ΝΔ,joikonomou,717778710594723840,1243130661415849989,997346010128109568,921873357112578054,4000997249,4061253826,532322997,478617415,844623102915100673,2756800323,0,0,0,0,0,0,0,0,0,0
Σταϊκούρας Κωνσταντίνου Χρήστος,Σταϊκούρας,Σταϊκούρας Χρήστος,ΝΔ,cstaikouras,955486848,0,0,0,0,0,0,0,0,0,0,0,0,0,0,0,0,0,0,0
Κοτρωνιάς Νικολάου Γεώργιος,Κοτρωνιάς,Κοτρωνιάς Γεώργιος,ΝΔ,,0,0,0,0,0,0,0,0,0,0,0,0,0,0,0,0,0,0,0,0
Χειμάρας Αθανασίου Θεμιστοκλής (Θέμης),Χειμάρας,Χειμάρας Θέμης,ΝΔ,T_Cheimaras,0,0,0,0,0,0,0,0,0,0,0,0,0,0,0,0,0,0,0,0
Αντωνιάδης Δημητρίου Ιωάννης,Αντωνιάδης,Αντωνιάδης Ιωάννης,ΝΔ,GIANNISFLORINA,1213441683276234754,2925416765,962322064026857473,0,0,0,0,0,0,0,0,0,0,0,0,0,0,0,0,0
Μπούγας Δημητρίου Ιωάννης,Μπούγας,Μπούγας Ιωάννης,ΝΔ,ioannis_mpougas,947930930202673153,1013316437681803265,0,0,0,0,0,0,0,0,0,0,0,0,0,0,0,0,0,0
Βαγιωνάς Κωνσταντίνου Γεώργιος,Βαγιωνάς,Βαγιωνάς Γεώργιος,ΝΔ,GVagionas,0,0,0,0,0,0,0,0,0,0,0,0,0,0,0,0,0,0,0,0
Διγαλάκης Βασιλείου Βασίλειος,Διγαλάκης,Διγαλάκης Βασίλειος,ΝΔ,vdigalakis,0,0,0,0,0,0,0,0,0,0,0,0,0,0,0,0,0,0,0,0
Μπακογιάννη Κωνσταντίνου Θεοδώρα (Ντόρα),Μπακογιάννη,Μπακογιάννη Ντόρα,ΝΔ,Dora_Bakoyannis,13766852,0,0,0,0,0,0,0,0,0,0,0,0,0,0,0,0,0,0,0
Βολουδάκης Γεωργίου Μανούσος - Κωνσταντίνος,Βολουδάκης,Βολουδάκης Κωνσταντίνος,ΝΔ,MVoloudakis,0,0,0,0,0,0,0,0,0,0,0,0,0,0,0,0,0,0,0,0
Μηταράκης Αντωνίου Παναγιώτης (Νότης),Μηταράκης,Μηταράκης Νότης,ΝΔ,nmitarakis,250518647,0,0,0,0,0,0,0,0,0,0,0,0,0,0,0,0,0,0,0
Αχτσιόγλου Θεμιστοκλή Ευτυχία,Αχτσιόγλου,Αχτσιόγλου Ευτυχία,ΣΥΡΙΖΑ,E_Achtsioglou,0,0,0,0,0,0,0,0,0,0,0,0,0,0,0,0,0,0,0,0
Βασιλικός Νικολάου Βασίλειος (Βασίλης),Βασιλικός,Βασιλικός Βασίλης,ΣΥΡΙΖΑ,,0,0,0,0,0,0,0,0,0,0,0,0,0,0,0,0,0,0,0,0
Σκουρλέτης Βασιλείου Παναγιώτης (Πάνος),Σκουρλέτης,Σκουρλέτης Πάνος,ΣΥΡΙΖΑ,pskourl,408566492,0,0,0,0,0,0,0,0,0,0,0,0,0,0,0,0,0,0,0
Φλαμπουράρης Γερασίμου Αλέξανδρος,Φλαμπουράρης,Φλαμπουράρης Αλέξανδρος,ΣΥΡΙΖΑ,,0,0,0,0,0,0,0,0,0,0,0,0,0,0,0,0,0,0,0,0
Φίλης Αριστοτέλη Νικόλαος,Φίλης,Φίλης Νικόλαος,ΣΥΡΙΖΑ,nikosfilis1,0,0,0,0,0,0,0,0,0,0,0,0,0,0,0,0,0,0,0,0
Τζανακόπουλος Μόσχου Δημήτριος,Τζανακόπουλος,Τζανακόπουλος Δημήτριος,ΣΥΡΙΖΑ,d_tzanakopoulos,0,0,0,0,0,0,0,0,0,0,0,0,0,0,0,0,0,0,0,0
Βερναρδάκης Δημοσθένη Χριστόφορος,Βερναρδάκης,Βερναρδάκης Χριστόφορος,ΣΥΡΙΖΑ,ChVernardakis,0,0,0,0,0,0,0,0,0,0,0,0,0,0,0,0,0,0,0,0
Βούτσης Γεωργίου Νικόλαος,Βούτσης,Βούτσης Νικόλαος,ΣΥΡΙΖΑ,,0,0,0,0,0,0,0,0,0,0,0,0,0,0,0,0,0,0,0,0
Ζαχαριάδης Εμμανουήλ Κωνσταντίνος,Ζαχαριάδης,Ζαχαριάδης Κωνσταντίνος,ΣΥΡΙΖΑ,CZachariadis,0,0,0,0,0,0,0,0,0,0,0,0,0,0,0,0,0,0,0,0
Κατρούγκαλος Στέλιου - Παναγιώτη Γεώργιος,Κατρούγκαλος,Κατρούγκαλος Γεώργιος,ΣΥΡΙΖΑ,gkatr,0,0,0,0,0,0,0,0,0,0,0,0,0,0,0,0,0,0,0,0
Ξενογιαννακοπούλου Διονυσίου Μαρία - Ελίζα (Μαριλίζα),Ξενογιαννακοπούλου,Ξενογιαννακοπούλου Μαριλίζα,ΣΥΡΙΖΑ,marilizaxen,0,0,0,0,0,0,0,0,0,0,0,0,0,0,0,0,0,0,0,0
Τσακαλώτος Στεφάνου Ευκλείδης,Τσακαλώτος,Τσακαλώτος Ευκλείδης,ΣΥΡΙΖΑ,tsakalotos,2975032769,0,0,0,0,0,0,0,0,0,0,0,0,0,0,0,0,0,0,0
Καφαντάρη Φωτίου Χαρούλα (Χαρά),Καφαντάρη,Καφαντάρη Χαρά,ΣΥΡΙΖΑ,,0,0,0,0,0,0,0,0,0,0,0,0,0,0,0,0,0,0,0,0
Παπαχριστόπουλος Θεμιστοκλή Αθανάσιος (Θανάσης),Παπαχριστόπουλος,Παπαχριστόπουλος Θανάσης,ΣΥΡΙΖΑ,PapachristTh,0,0,0,0,0,0,0,0,0,0,0,0,0,0,0,0,0,0,0,0
Δραγασάκης Ανδρέα Ιωάννης,Δραγασάκης,Δραγασάκης Ιωάννης,ΣΥΡΙΖΑ,YDragasakis,0,0,0,0,0,0,0,0,0,0,0,0,0,0,0,0,0,0,0,0
Βίτσας Αθανασίου Δημήτριος,Βίτσας,Βίτσας Δημήτριος,ΣΥΡΙΖΑ,dimitrisvitsas,0,0,0,0,0,0,0,0,0,0,0,0,0,0,0,0,0,0,0,0
Παππάς Στυλιανού Νικόλαος,Παππάς,Παππάς Νικόλαος,ΣΥΡΙΖΑ,nikospappas16,1304505394442702849,828596457846501376,1974028854,1218947274962804737,549203433,1243240879260946433,3061846438,1209183068994637824,2572152377,0,0,0,0,0,0,0,0,0,0,0
Μουζάλας Ευστράτιου Ιωάννης,Μουζάλας,Μουζάλας Ιωάννης,ΣΥΡΙΖΑ,imouzalas,0,0,0,0,0,0,0,0,0,0,0,0,0,0,0,0,0,0,0,0
Μπαλάφας Περικλή Ιωάννης,Μπαλάφας,Μπαλάφας Ιωάννης,ΣΥΡΙΖΑ,ybalafas,1728198787,0,0,0,0,0,0,0,0,0,0,0,0,0,0,0,0,0,0,0
Φωτίου Βασιλείου Θεανώ,Φωτίου,Φωτίου Θεανώ,ΣΥΡΙΖΑ,TheanoFotiou,631973249,0,0,0,0,0,0,0,0,0,0,0,0,0,0,0,0,0,0,0
Χρηστίδου Δημητρίου Ραλλία,Χρηστίδου,Χρηστίδου Ραλλία,ΣΥΡΙΖΑ,Ral_Christidou,0,0,0,0,0,0,0,0,0,0,0,0,0,0,0,0,0,0,0,0
Δρίτσας Παναγιώτη Θεόδωρος,Δρίτσας,Δρίτσας Θεόδωρος,ΣΥΡΙΖΑ,,3084008045,0,0,0,0,0,0,0,0,0,0,0,0,0,0,0,0,0,0,0
Κασιμάτη Γεωργίου Ειρήνη (Νίνα),Κασιμάτη,Κασιμάτη Νίνα,ΣΥΡΙΖΑ,ninakasimati,267790532,0,0,0,0,0,0,0,0,0,0,0,0,0,0,0,0,0,0,0
Αλεξιάδης Ζαφειρίου Τρύφων,Αλεξιάδης,Αλεξιάδης Τρύφων,ΣΥΡΙΖΑ,,1369743153130004486,497808199,0,0,0,0,0,0,0,0,0,0,0,0,0,0,0,0,0,0
Ραγκούσης Νικολάου Ιωάννης,Ραγκούσης,Ραγκούσης Ιωάννης,ΣΥΡΙΖΑ,gragkousis,0,0,0,0,0,0,0,0,0,0,0,0,0,0,0,0,0,0,0,0
Σκουρολιάκος Λουκά Παναγιώτης (Πάνος),Σκουρολιάκος,Σκουρολιάκος Πάνος,ΣΥΡΙΖΑ,PanosSkourolia1,1157361600812244992,0,0,0,0,0,0,0,0,0,0,0,0,0,0,0,0,0,0,0
Σπίρτζης Παναγιώτη Χρήστος,Σπίρτζης,Σπίρτζης Χρήστος,ΣΥΡΙΖΑ,c_spirtzis,758622915965444096,1248328985173471234,0,0,0,0,0,0,0,0,0,0,0,0,0,0,0,0,0,0
Αθανασίου Ευθυμίου Αθανάσιος (Νάσος),Αθανασίου,Αθανασίου Νάσος,ΣΥΡΙΖΑ,nasosa8anasiou,965785002,2638903690,719511047321870336,903568358284697600,0,0,0,0,0,0,0,0,0,0,0,0,0,0,0,0
Τσίπρας Ηρακλή Γεώργιος,Τσίπρας,Τσίπρας Γεώργιος,ΣΥΡΙΖΑ,giorgostsipras,0,0,0,0,0,0,0,0,0,0,0,0,0,0,0,0,0,0,0,0
Βαρεμένος Βασιλείου Γεώργιος,Βαρεμένος,Βαρεμένος Γεώργιος,ΣΥΡΙΖΑ,GVaremenos,0,0,0,0,0,0,0,0,0,0,0,0,0,0,0,0,0,0,0,0
Μωραΐτης Χρήστου Αθανάσιος (Θάνος),Μωραΐτης,Μωραΐτης Θάνος,ΣΥΡΙΖΑ,thanos_moraitis,404205439,0,0,0,0,0,0,0,0,0,0,0,0,0,0,0,0,0,0,0
Γκιόλας Δημητρίου Ιωάννης,Γκιόλας,Γκιόλας Ιωάννης,ΣΥΡΙΖΑ,,0,0,0,0,0,0,0,0,0,0,0,0,0,0,0,0,0,0,0,0
Παπαηλιού Ηλία Γεώργιος,Παπαηλιού,Παπαηλιού Γεώργιος,ΣΥΡΙΖΑ,,848650647897604097,0,0,0,0,0,0,0,0,0,0,0,0,0,0,0,0,0,0,0
Γεροβασίλη Βασιλείου Όλγα,Γεροβασίλη,Γεροβασίλη Όλγα,ΣΥΡΙΖΑ,olgagerovasili,2786227298,0,0,0,0,0,0,0,0,0,0,0,0,0,0,0,0,0,0,0
Αναγνωστοπούλου Πέτρου Αθανασία (Σία),Αναγνωστοπούλου,Αναγνωστοπούλου Σία,ΣΥΡΙΖΑ,sia_anag,2427879955,0,0,0,0,0,0,0,0,0,0,0,0,0,0,0,0,0,0,0
Μάρκου Βασιλείου Κωνσταντίνος,Μάρκου,Μάρκου Κωνσταντίνος,ΣΥΡΙΖΑ,,1247914911646261249,1334397670341943296,962926278176276485,2864663152,2332278483,0,0,0,0,0,0,0,0,0,0,0,0,0,0,0
Τσίπρας Παύλου Αλέξιος,Τσίπρας,Τσίπρας Αλέξιος,ΣΥΡΙΖΑ,atsipras,2292454922,334602996,917660691930247168,0,0,0,0,0,0,0,0,0,0,0,0,0,0,0,0,0
Πούλου Λεωνίδα Παναγιού (Γιώτα),Πούλου,Πούλου Γιώτα,ΣΥΡΙΖΑ,GIOTAPOULOU,1225355586,567066109,0,0,0,0,0,0,0,0,0,0,0,0,0,0,0,0,0,0
Ξανθόπουλος Σάββα Θεόφιλος,Ξανθόπουλος,Ξανθόπουλος Θεόφιλος,ΣΥΡΙΖΑ,Xanthopoulosth,1192464378240614400,0,0,0,0,0,0,0,0,0,0,0,0,0,0,0,0,0,0,0
Σαντορινιός Κωνσταντίνου Νεκτάριος,Σαντορινιός,Σαντορινιός Νεκτάριος,ΣΥΡΙΖΑ,nectarsant,17991384,0,0,0,0,0,0,0,0,0,0,0,0,0,0,0,0,0,0,0
Γκαρά Γεωργίου Αναστασία (Νατάσα),Γκαρά,Γκαρά Νατάσα,ΣΥΡΙΖΑ,NatasaGkara,752958884994748416,0,0,0,0,0,0,0,0,0,0,0,0,0,0,0,0,0,0,0
Αποστόλου Δημητρίου Ευάγγελος,Αποστόλου,Αποστόλου Ευάγγελος,ΣΥΡΙΖΑ,vag_apos,3348485907,4925140193,0,0,0,0,0,0,0,0,0,0,0,0,0,0,0,0,0,0
Χατζηγιαννάκης Ευαγγέλου Μιλτιάδης,Χατζηγιαννάκης,Χατζηγιαννάκης Μιλτιάδης,ΣΥΡΙΖΑ,,0,0,0,0,0,0,0,0,0,0,0,0,0,0,0,0,0,0,0,0
Καλαματιανός Χρήστου Διονύσιος-Χαράλαμπος,Καλαματιανός,Καλαματιανός Διονύσιος-Χαράλαμπος,ΣΥΡΙΖΑ,dckalamatianos,0,0,0,0,0,0,0,0,0,0,0,0,0,0,0,0,0,0,0,0
Καρασαρλίδου Γεωργίου Ευφροσύνη (Φρόσω),Καρασαρλίδου,Καρασαρλίδου Φρόσω,ΣΥΡΙΖΑ,FKarasarlidou,3105268391,0,0,0,0,0,0,0,0,0,0,0,0,0,0,0,0,0,0,0
Ηγουμενίδης Εμμανουήλ Νικόλαος,Ηγουμενίδης,Ηγουμενίδης Νικόλαος,ΣΥΡΙΖΑ,IgoumenidisN,0,0,0,0,0,0,0,0,0,0,0,0,0,0,0,0,0,0,0,0
Βαρδάκης Δημητρίου Σωκράτης,Βαρδάκης,Βαρδάκης Σωκράτης,ΣΥΡΙΖΑ,sokrvardakis,773986323422146561,0,0,0,0,0,0,0,0,0,0,0,0,0,0,0,0,0,0,0
Μαμουλάκης Αντωνίου Χαράλαμπος (Χάρης),Μαμουλάκης,Μαμουλάκης Χάρης,ΣΥΡΙΖΑ,Mamoulakis,823985090925576194,0,0,0,0,0,0,0,0,0,0,0,0,0,0,0,0,0,0,0
Κάτσης Σπυρίδωνος Μάριος,Κάτσης,Κάτσης Μάριος,ΣΥΡΙΖΑ,marios_katsis,3325625573,0,0,0,0,0,0,0,0,0,0,0,0,0,0,0,0,0,0,0
Ζουράρης Γεωργίου Κωνσταντίνος,Ζουράρης,Ζουράρης Κωνσταντίνος,ΣΥΡΙΖΑ,,0,0,0,0,0,0,0,0,0,0,0,0,0,0,0,0,0,0,0,0
Γιαννούλης Ιωάννη Χρήστος,Γιαννούλης,Γιαννούλης Χρήστος,ΣΥΡΙΖΑ,giannoul,359478003,2463600557,1352206670101884928,1236986127967494144,577456856,720002876349747205,0,0,0,0,0,0,0,0,0,0,0,0,0,0
Αμανατίδης Γεωργίου Ιωάννης,Αμανατίδης,Αμανατίδης Ιωάννης,ΣΥΡΙΖΑ,amanatidis_gian,0,0,0,0,0,0,0,0,0,0,0,0,0,0,0,0,0,0,0,0
Νοτοπούλου Παναγιώτη Αικατερίνη (Κατερίνα),Νοτοπούλου,Νοτοπούλου Κατερίνα,ΣΥΡΙΖΑ,katenotopoulou,983983199012425728,0,0,0,0,0,0,0,0,0,0,0,0,0,0,0,0,0,0,0
Τριανταφυλλίδης Γεωργίου Αλέξανδρος (Αλέκος),Τριανταφυλλίδης,Τριανταφυλλίδης Αλέκος,ΣΥΡΙΖΑ,tr_alexandros,0,0,0,0,0,0,0,0,0,0,0,0,0,0,0,0,0,0,0,0
Φάμελλος Πέτρου Σωκράτης,Φάμελλος,Φάμελλος Σωκράτης,ΣΥΡΙΖΑ,sfamellos,0,0,0,0,0,0,0,0,0,0,0,0,0,0,0,0,0,0,0,0
Αυγέρη Πέτρου Θεοδώρα (Δώρα),Αυγέρη,Αυγέρη Δώρα,ΣΥΡΙΖΑ,davgeri,0,0,0,0,0,0,0,0,0,0,0,0,0,0,0,0,0,0,0,0
Τζούφη Στεφάνου Μερόπη,Τζούφη,Τζούφη Μερόπη,ΣΥΡΙΖΑ,meropitzoufi,3096944951,0,0,0,0,0,0,0,0,0,0,0,0,0,0,0,0,0,0,0
Ελευθεριάδου Παύλου Σουλτάνα,Ελευθεριάδου,Ελευθεριάδου Σουλτάνα,ΣΥΡΙΖΑ,teleftheriadou,0,0,0,0,0,0,0,0,0,0,0,0,0,0,0,0,0,0,0,0
Λάππας Ευαγγέλου Σπυρίδωνας,Λάππας,Λάππας Σπυρίδωνας,ΣΥΡΙΖΑ,spyroslappas1,0,0,0,0,0,0,0,0,0,0,0,0,0,0,0,0,0,0,0,0
Τελιγιορίδου Ιωάννη Ολυμπία,Τελιγιορίδου,Τελιγιορίδου Ολυμπία,ΣΥΡΙΖΑ,teligioridou,1057566665595076608,0,0,0,0,0,0,0,0,0,0,0,0,0,0,0,0,0,0,0
Αυλωνίτης Νικολάου Αλέξανδρος - Χρήστος,Αυλωνίτης,Αυλωνίτης Χρήστος,ΣΥΡΙΖΑ,a_avlonitis,788100720151101440,0,0,0,0,0,0,0,0,0,0,0,0,0,0,0,0,0,0,0
Αγαθοπούλου Δημητρίου Ειρήνη-Ελένη,Αγαθοπούλου,Αγαθοπούλου Ειρήνη-Ελένη,ΣΥΡΙΖΑ,iriniagath,0,0,0,0,0,0,0,0,0,0,0,0,0,0,0,0,0,0,0,0
Βέτα Δημητρίου Καλλιόπη,Βέτα,Βέτα Καλλιόπη,ΣΥΡΙΖΑ,,0,0,0,0,0,0,0,0,0,0,0,0,0,0,0,0,0,0,0,0
Ψυχογιός Κωνσταντίνου Γεώργιος,Ψυχογιός,Ψυχογιός Γεώργιος,ΣΥΡΙΖΑ,g_psychogios,1059584742197260289,1026850486836776962,0,0,0,0,0,0,0,0,0,0,0,0,0,0,0,0,0,0
Συρμαλένιος Ευαγγέλου Νικόλαος,Συρμαλένιος,Συρμαλένιος Νικόλαος,ΣΥΡΙΖΑ,syrmal2000,0,0,0,0,0,0,0,0,0,0,0,0,0,0,0,0,0,0,0,0
Αραχωβίτης Γεωργίου Σταύρος,Αραχωβίτης,Αραχωβίτης Σταύρος,ΣΥΡΙΖΑ,,0,0,0,0,0,0,0,0,0,0,0,0,0,0,0,0,0,0,0,0
Βαγενά Κηλαηδόνη χήρα Λουκιανού Άννα,Βαγενά,Βαγενά Άννα,ΣΥΡΙΖΑ,annavayena,3377051099,3292665734,2482277029,0,0,0,0,0,0,0,0,0,0,0,0,0,0,0,0,0
Κόκκαλης Κωνσταντίνου Βασίλειος,Κόκκαλης,Κόκκαλης Βασίλειος,ΣΥΡΙΖΑ,vasiliskokkalhs,0,0,0,0,0,0,0,0,0,0,0,0,0,0,0,0,0,0,0,0
Θραψανιώτης Μιχαήλ Εμμανουήλ,Θραψανιώτης,Θραψανιώτης Εμμανουήλ,ΣΥΡΙΖΑ,,0,0,0,0,0,0,0,0,0,0,0,0,0,0,0,0,0,0,0,0
Μπουρνούς Δημητρίου Ιωάννης,Μπουρνούς,Μπουρνούς Ιωάννης,ΣΥΡΙΖΑ,alterglobal,0,0,0,0,0,0,0,0,0,0,0,0,0,0,0,0,0,0,0,0
Μεϊκόπουλος Μιχαήλ Αλέξανδρος,Μεϊκόπουλος,Μεϊκόπουλος Αλέξανδρος,ΣΥΡΙΖΑ,A_Meikopoulos,1001342479,0,0,0,0,0,0,0,0,0,0,0,0,0,0,0,0,0,0,0
Παπανάτσιου Στέργιου Αικατερίνη,Παπανάτσιου,Παπανάτσιου Αικατερίνη,ΣΥΡΙΖΑ,,0,0,0,0,0,0,0,0,0,0,0,0,0,0,0,0,0,0,0,0
Χαρίτσης Βύρωνα Αλέξανδρος (Αλέξης),Χαρίτσης,Χαρίτσης Αλέξης,ΣΥΡΙΖΑ,alexischaritsis,973164892877459456,0,0,0,0,0,0,0,0,0,0,0,0,0,0,0,0,0,0,0
Ζεϊμπέκ Χασάν Χουσεϊν,Ζεϊμπέκ,Ζεϊμπέκ Χουσεϊν,ΣΥΡΙΖΑ,ZeybekHuseyin,338861628,0,0,0,0,0,0,0,0,0,0,0,0,0,0,0,0,0,0,0
Τζάκρη Εμμανουήλ Θεοδώρα,Τζάκρη,Τζάκρη Θεοδώρα,ΣΥΡΙΖΑ,tzakri,413080707,0,0,0,0,0,0,0,0,0,0,0,0,0,0,0,0,0,0,0
Σκούφα Δημητρίου Ελισσάβετ (Μπέττυ),Σκούφα,Σκούφα Μπέττυ,ΣΥΡΙΖΑ,BSkoufa,712255673178976256,0,0,0,0,0,0,0,0,0,0,0,0,0,0,0,0,0,0,0
Μπάρκας Θεοφάνη Κωνσταντίνος,Μπάρκας,Μπάρκας Κωνσταντίνος,ΣΥΡΙΖΑ,kostasbarkas,0,0,0,0,0,0,0,0,0,0,0,0,0,0,0,0,0,0,0,0
Ξανθός Γεωργίου Ανδρέας,Ξανθός,Ξανθός Ανδρέας,ΣΥΡΙΖΑ,andreasxanthos,1701576919,0,0,0,0,0,0,0,0,0,0,0,0,0,0,0,0,0,0,0
Χαρίτου Αθανασίου Δημήτριος (Τάκης),Χαρίτου,Χαρίτου Τάκης,ΣΥΡΙΖΑ,,0,0,0,0,0,0,0,0,0,0,0,0,0,0,0,0,0,0,0,0
Αβραμάκης Αντωνίου Ελευθέριος,Αβραμάκης,Αβραμάκης Ελευθέριος,ΣΥΡΙΖΑ,,0,0,0,0,0,0,0,0,0,0,0,0,0,0,0,0,0,0,0,0
Παπαδόπουλος Αποστόλου Αθανάσιος (Σάκης),Παπαδόπουλος,Παπαδόπουλος Σάκης,ΣΥΡΙΖΑ,sakis_papad,970306790,1198107005824700416,4006165582,411708770,2883090322,1099991990,810112376905285637,2206814598,3048227854,275466891,996680017148030976,2211037178,1008641068114554880,0,0,0,0,0,0,0
Σαρακιώτης Αθανασίου Ιωάννης,Σαρακιώτης,Σαρακιώτης Ιωάννης,ΣΥΡΙΖΑ,jsarakiotis,709702013865562112,712173796573224960,0,0,0,0,0,0,0,0,0,0,0,0,0,0,0,0,0,0
Πέρκα Χαράλαμπου Θεοπίστη (Πέτη),Πέρκα,Πέρκα Πέτη,ΣΥΡΙΖΑ,PetiPerka,0,0,0,0,0,0,0,0,0,0,0,0,0,0,0,0,0,0,0,0
Μάλαμα Ιωάννη Κυριακή,Μάλαμα,Μάλαμα Κυριακή,ΣΥΡΙΖΑ,KiriakiMalama,0,0,0,0,0,0,0,0,0,0,0,0,0,0,0,0,0,0,0,0
Πολάκης Πέτρου Παύλος,Πολάκης,Πολάκης Παύλος,ΣΥΡΙΖΑ,pavpol2222,2367424185,0,0,0,0,0,0,0,0,0,0,0,0,0,0,0,0,0,0,0
Μιχαηλίδης Φραγκούλη Ανδρέας,Μιχαηλίδης,Μιχαηλίδης Ανδρέας,ΣΥΡΙΖΑ,,2391613087,637030490,904459988,1128298168532250625,0,0,0,0,0,0,0,0,0,0,0,0,0,0,0,0
